Date,Comment,Tags,Subreddit
05/04/2022 19,$fb calls,$FB,wallstreetbets
05/04/2022 19,$fb,$FB,wallstreetbets
05/04/2022 19,$fb?,$FB,wallstreetbets
05/04/2022 13,Win porn! Thank you $AAPL,$AAPL,wallstreetbets
05/04/2022 07,"So, I bought a sh*t load of $NFLX the day it went down 35% but i‚Äôm unsure about if ads are going to make it recover",$NFLX,wallstreetbets
05/03/2022 16,Even $AAPL couldn‚Äôt make it all the way,$AAPL,wallstreetbets
04/29/2022 20,$amzn eps -7 or +7,$AMZN,wallstreetbets
04/29/2022 20,Is it +7 or -7 $Amzn eps,$AMZN,wallstreetbets
04/29/2022 17,$SPY &amp; $FB puts 0DTE. Cashed out when I took the screenshot!,$FB,wallstreetbets
04/29/2022 17,$SPY &amp; $FB yolo 0DTE... cashed out when I took the screenshot,$FB,wallstreetbets
04/29/2022 12,$FB earnings and valuation visualized,$FB,wallstreetbets
04/29/2022 12,$FB earnings + valuation visualized,$FB,wallstreetbets
04/29/2022 06,WTF did jimmy say about amazon? $AMZN stock plunges after 4 billion dollar loss...,$AMZN,wallstreetbets
04/28/2022 17,Strange $AAPL activity. Retards or something else? üëÄ,$AAPL,wallstreetbets
04/28/2022 15,Me holding $HOOD &amp; $AMZN puts while everyone wants to inverse cramer,$AMZN,wallstreetbets
04/28/2022 15,Me holding $HOOD &amp; $AMZN puts,$AMZN,wallstreetbets
04/28/2022 15,Me holding $HOOD &amp; $AMZN puts,$AMZN,wallstreetbets
04/28/2022 14,$AMZN future loss porn tomorrow...I took u/justhereyoz to task for no gain porn shots...here u go sir.,$AMZN,wallstreetbets
04/28/2022 09,$AMZN üöÄüöÄüöÄüöÄüöÄ,$AMZN,wallstreetbets
04/28/2022 08,"if i buy itm calls for $aapl &amp; earnings are good, will i still make profit or will iv crush hit ?",$AAPL,wallstreetbets
04/28/2022 06,I know I‚Äôm retarded but I needed another put against $FB at the top,$FB,wallstreetbets
04/28/2022 03,Load up puts on $FB Cramer just postedüëçüèºüíØ,$FB,wallstreetbets
04/28/2022 01,$AMZN prediction please,$AMZN,wallstreetbets
04/27/2022 17,I literally can‚Äôt wait to pile more puts on $FB in the morning üöÄüçóüêª,$FB,wallstreetbets
04/27/2022 14,$FB,$FB,wallstreetbets
04/27/2022 14,Tomorrow is -75% on my portfolio üìâ Wake me up in a week for my $FB tendies üçóüêª,$FB,wallstreetbets
04/27/2022 13,Guess why $FB is flying in today's after-hours session?!,$FB,wallstreetbets
04/27/2022 13,"This boomer mf is so ridiculously (in)correct. $FB is up almost 15% post earnings, while $GOOGL sold off badly yesterday. Told ya!",$FB,wallstreetbets
04/27/2022 11,Sorry $FB bagholders üß≥ Had to load up on üÖøÔ∏èuts to cook me up some üçóüçóüçó,$FB,wallstreetbets
04/27/2022 10,Sorry $FB bagholders üêª Had to load up the üÖøÔ∏èuts for this terrible üìâearnings call üí∞üçóüöÄ,$FB,wallstreetbets
04/27/2022 10,What just happened to $FB?,$FB,wallstreetbets
04/27/2022 10,What just happened to $FB?,$FB,wallstreetbets
04/27/2022 09,Thinking about using my short to pay for the subscription $NFLX,$NFLX,wallstreetbets
04/27/2022 07,"$FB I‚Äôll keep 75 120p &amp; 20 125p into ER, the rest I‚Äôll sell right before the bell ü§ëüí∞üí∞üí∞",$FB,wallstreetbets
04/26/2022 14,The next victim is probably gonna be $AAPL??,$AAPL,wallstreetbets
04/26/2022 12,Goku is bullish on $AAPL earnings,$AAPL,wallstreetbets
04/25/2022 19,Earnings play ideas: Puts on $GOOG and $GOOGL for Tuesday üìâ and calls on $FB for Wednesday üìà,$FB,wallstreetbets
04/25/2022 19,Earnings play ideas: Puts on $GOOG and $GOOGL for Tuesday üìâ and calls on $FB for Wednesday üìà,$GOOG,wallstreetbets
04/25/2022 14,"FAANG ""Death Cross"" Club Has One Holdout... $AAPL",$AAPL,wallstreetbets
04/25/2022 07,Nice. $NFLX,$NFLX,wallstreetbets
04/24/2022 09,"Top Stocks Im Watching This Week! ‚§µÔ∏è $DIS, $AMZN, $NASDAQ,$MOMO, $OPEN‚§µÔ∏è, ‚§¥Ô∏è$NATGAS,$KMI‚§¥Ô∏è",$AMZN,wallstreetbets
04/24/2022 09,"Top Stocks Im Watching This Week! ‚§µÔ∏è $DIS, $AMZN, $NASDAQ,$MOMO, $OPEN‚§µÔ∏è, ‚§¥Ô∏è$NATGAS,$KMI‚§¥Ô∏è",$AMZN,wallstreetbets
04/24/2022 09,"Top Stocks Im Watching This Week! ‚§µÔ∏è $DIS, $AMZN, $NASDAQ,$MOMO, $OPEN‚§µÔ∏è, ‚§¥Ô∏è$NATGAS,$KMI‚§¥Ô∏è",$AMZN,wallstreetbets
04/23/2022 23,$NFLX,$NFLX,wallstreetbets
04/21/2022 12,Tits up - $NFLX down #Lossporn,$NFLX,wallstreetbets
04/21/2022 09,"Jesus $RDBX needs to chill, $NFLX can only take so much",$NFLX,wallstreetbets
04/21/2022 00,Who made money on $NFLX and how much? And sincerely congrats and FU?,$NFLX,wallstreetbets
04/20/2022 23,$NFLX,$NFLX,wallstreetbets
04/20/2022 20,Nothing makes me happier than when Bill Ackman loses big. Go $NFLX!,$NFLX,wallstreetbets
04/20/2022 20,Nothing makes me happier than when Bill Ackman loses big money. Go $NFLX!,$NFLX,wallstreetbets
04/20/2022 17,10K -&gt; 235k $NFLX holllllyyyyy fukkkk,$NFLX,wallstreetbets
04/20/2022 17,DD - $AMZN 2500 PUTS 4/29,$AMZN,wallstreetbets
04/20/2022 16,$FB Earnings Play. Gains = Imminent,$FB,wallstreetbets
04/20/2022 16,Yolo $nflx puts,$NFLX,wallstreetbets
04/20/2022 16,$FB earnings play : Gains = imminent,$FB,wallstreetbets
04/20/2022 14,I think $NFLX is ok to buy now. Will get in $TSLA after this happens there too.,$NFLX,wallstreetbets
04/20/2022 14,I think $NFLX is ok to buy now. Will get in $TSLA after this happens there too.,$NFLX,wallstreetbets
04/20/2022 12,Here for the short term $NFLX,$NFLX,wallstreetbets
04/20/2022 07,"Ouch, $NFLX!",$NFLX,wallstreetbets
04/20/2022 06,Gained my 1 month subscription fee back. $NFLX,$NFLX,wallstreetbets
04/20/2022 06,Thanks Jimbo üòò $NFLX,$NFLX,wallstreetbets
04/20/2022 02,Interested to see company earnings falling one by one LOL $NFLX $PYPL $AMC $GME,$NFLX,wallstreetbets
04/19/2022 23,"$NFLX market fell 25.8% after the market, who can tell the specific reason?",$NFLX,wallstreetbets
04/19/2022 23,"$NFLX market fell 25.8% after the market, who can tell the specific reason?",$NFLX,wallstreetbets
04/19/2022 22,Netflix - $NFLX - NFLX - Stock - Report 04/19/2022,$NFLX,wallstreetbets
04/19/2022 19,Apple‚Äôs Siri on $NFLX,$NFLX,wallstreetbets
04/19/2022 18,The Eiffel Tower of $NFLX,$NFLX,wallstreetbets
04/19/2022 18,"Ah yes, $NFLX is a buy",$NFLX,wallstreetbets
04/19/2022 17,Ackman knows how to get out of his positions $nflx,$NFLX,wallstreetbets
04/19/2022 15,Bill Ackman Tribute $NFLX Style,$NFLX,wallstreetbets
04/19/2022 15,"Great night to watch that movie about the guy with autism who insists that the market is going down, then one day is right. $NFLX",$NFLX,wallstreetbets
04/19/2022 14,$NFLX bag holders rn,$NFLX,wallstreetbets
04/19/2022 14,$NFLX RIP,$NFLX,wallstreetbets
04/19/2022 14,$NFLX is clearly a value stock now as there is no more growth in subscribers count,$NFLX,wallstreetbets
04/19/2022 14,Bill Ackman after looking at his $NFLX position,$NFLX,wallstreetbets
04/19/2022 13,RIP $NFLX,$NFLX,wallstreetbets
04/19/2022 13,$NFLX as soon as AH started. OOF,$NFLX,wallstreetbets
04/15/2022 05,$FB Meta Platforms' latest Gaming Acquisitions,$FB,wallstreetbets
04/12/2022 20,$NFLX EARNINGS NEXT WEEK,$NFLX,wallstreetbets
04/08/2022 13,"$SST lol. First time I see a stock with ALL calls ITM. Price from high to low, $AAPL for comparison. WDYT?",$AAPL,wallstreetbets
04/08/2022 10,"$AMZN releases new press release, Monday they are going to the moon, I‚Äôm buying the low!",$AMZN,wallstreetbets
04/06/2022 12,$FB &amp; Elon Musk üëÄ,$FB,wallstreetbets
04/06/2022 11,$FB thoughts üëÄ,$FB,wallstreetbets
04/05/2022 14,Why I‚Äôm buying $FB,$FB,wallstreetbets
04/03/2022 11,Gonna YOLO my last 11k into $AMZN and $GOOGL Leaps. Would this be dumb?,$AMZN,wallstreetbets
04/03/2022 11,After losing 22k earlier this year I‚Äôm thinking about putting my last 11k into both $AMZN and $GOOG option leaps because of the stock splits that are coming up. What are y‚Äôall thoughts?? Would it be dumb doing this? I really believe in both companies for the long term.,$AMZN,wallstreetbets
04/03/2022 11,After losing 22k earlier this year I‚Äôm thinking about putting my last 11k into both $AMZN and $GOOG option leaps because of the stock splits that are coming up. What are y‚Äôall thoughts?? Would it be dumb doing this? I really believe in both companies for the long term.,$GOOG,wallstreetbets
03/31/2022 16,Hoping Steve Jobs comes backs to life or a massive iPhone recall. Happy April fools! $AAPL,$AAPL,wallstreetbets
03/30/2022 11,$AAPL looking good üòâ,$AAPL,wallstreetbets
03/30/2022 10,$AAPL is primed for a break out!,$AAPL,wallstreetbets
03/27/2022 08,Sell $FB,$FB,wallstreetbets
03/27/2022 08,Palantir X Google Partnership ü§´ü§´ü§´$PLTR $GOOG,$GOOG,wallstreetbets
03/26/2022 13,$AAPL for the win. Opened position with 50 contracts. Scaled out and let 10 ride and ended closing around 1400% on those 10.,$AAPL,wallstreetbets
03/26/2022 13,$AAPL for the win,$AAPL,wallstreetbets
03/26/2022 13,$AAPL for the win,$AAPL,wallstreetbets
03/26/2022 13,$AAPL for the win,$AAPL,wallstreetbets
03/23/2022 01,$FB the APES have LANDED.,$FB,wallstreetbets
03/23/2022 01,$FB THE APES HAVE LANDED.,$FB,wallstreetbets
03/19/2022 14,"-$303,000 on the year. Finna V bounce straight back to even. All in $FB calls",$FB,wallstreetbets
03/16/2022 04,"Facebook getting better with targeted ads, calls on $FB",$FB,wallstreetbets
03/14/2022 20,Former Nintendo of America president skeptical about $FB Meta‚Äôs Metaverse,$FB,wallstreetbets
03/10/2022 07,DCA: Daily Cramer Alert 9MAR2022 Cramer is üåàüêª on $AMZN.,$AMZN,wallstreetbets
03/10/2022 05,$AMZN Split ...,$AMZN,wallstreetbets
03/09/2022 15,Support thread for those of us who were long $amzn calls but sold before close ü•∫üòî,$AMZN,wallstreetbets
03/09/2022 15,Support thread for those who were long $amzn calls but sold before close ü•∫üòî,$AMZN,wallstreetbets
03/07/2022 22,$fb calls,$FB,wallstreetbets
03/06/2022 15,Forget your TA and diagonal lines.. this is why I am buying puts on $FB‚Ä¶ the only green they have seen in a month.,$FB,wallstreetbets
03/06/2022 15,Forget your TA and diagonal lines.. this is why I am buying puts on $FB‚Ä¶ almost a month and zero applicants to a high up position.,$FB,wallstreetbets
02/25/2022 18,THIS IS HOW AN ALL $FB &amp; $AMZN PORTFOLIO LOOKS LIKE,$FB,wallstreetbets
02/25/2022 18,THIS IS HOW AN ALL $FB &amp; $AMZN PORTFOLIO LOOKS LIKE,$AMZN,wallstreetbets
02/22/2022 06,Bullish on $FB After Virtual Glory Holes are Confirmed ‚úä,$FB,wallstreetbets
02/20/2022 04,Here is why $NFLX is overvalued as fuck,$NFLX,wallstreetbets
02/17/2022 20,"You are not buying $FB or instagram, you are buying Mark Zuckerberg's brain",$FB,wallstreetbets
02/16/2022 10,Now Sundar is getting into it with $FB,$FB,wallstreetbets
02/15/2022 12,It was never about the Ukraine you retards... CALLS on $FB,$FB,wallstreetbets
02/12/2022 19,$FB all the DD you need to know. metaverse was a bust. But people being glued to ig and social media. Take it with a grain of salt,$FB,wallstreetbets
02/12/2022 19,All the #DD you need for $FB. take it with a grain of salt.,$FB,wallstreetbets
02/12/2022 12,"$AAPL, a safe bet if Russia invaded Ukraine.",$AAPL,wallstreetbets
02/12/2022 12,"$AAPL, a safe bet if Russia invaded the Ukraine.",$AAPL,wallstreetbets
02/12/2022 12,"$AAPL, a safe bet if Russia invades Ukraine",$AAPL,wallstreetbets
02/12/2022 07,I see Mark Corrigan also bought $FB calls‚Ä¶,$FB,wallstreetbets
02/11/2022 17,"$AAPL 1000% option move. I bought at the exact bottom, but closed at 30% up. Looking to meet other option traders who can help me improve my exit strategy",$AAPL,wallstreetbets
02/11/2022 10,$FB The Information out with an article this morning saying the company is hosting an all-staff meeting on Tuesday where a 'major announcement' will be made‚Ä¶,$FB,wallstreetbets
02/11/2022 09,"Wish me luck. 600C $NFLX. 22 Contracts expiring on April 14, 2022",$NFLX,wallstreetbets
02/10/2022 22,You know what the best part about the $FB drop is?,$FB,wallstreetbets
02/10/2022 22,You know what the best part about the $FB drop is?,$FB,wallstreetbets
02/10/2022 21,You know what the best part about about the $FB drop is?,$FB,wallstreetbets
02/10/2022 21,You know what the best part about the $FB drop is?,$FB,wallstreetbets
02/09/2022 13,$FB is on its way to make a come back. Me too üòÇ,$FB,wallstreetbets
02/09/2022 07,450K $FB Options,$FB,wallstreetbets
02/09/2022 07,450k $FB options üò¨,$FB,wallstreetbets
02/09/2022 04,Will I buy some $FB? Wish me luck?,$FB,wallstreetbets
02/08/2022 19,I see Mark Corrigan also bought $FB calls before earnings,$FB,wallstreetbets
02/08/2022 17,Why only retards are selling the (near) bottom on $FB and are about to get metacucked üôä,$FB,wallstreetbets
02/07/2022 17,$AMZN Earnings play. Saving up for a ticket to Blue Origin.,$AMZN,wallstreetbets
02/07/2022 13,"$FB, PYPL, $ZM crashed... Looking for 1-2 year long positions",$FB,wallstreetbets
02/07/2022 13,"$FB, $PYPL, $ZM Crashing, penny stocks ready for growth...",$FB,wallstreetbets
02/07/2022 12,Solid Hold or find another trade? $FB options and shares,$FB,wallstreetbets
02/07/2022 11,LEAP CALLS ON $FB,$FB,wallstreetbets
02/06/2022 14,$DWAC and TMTG will drive a stake thu the heart of $FB and $TWTR once and for all. They're done.,$FB,wallstreetbets
02/06/2022 14,Stocks....but as NFT's- like $gme $tsla $aapl $amc and more,$AAPL,wallstreetbets
02/05/2022 18,Where go Insiders o.O $FB,$FB,wallstreetbets
02/05/2022 14,"If ya‚Äôll hate $FB so much, how come this post made it to the top of meme Saturday?",$FB,wallstreetbets
02/05/2022 13,"We pretend to hate $FB, meanwhile there‚Äôs a boomer Facebook post at the top of meme Saturday.",$FB,wallstreetbets
02/05/2022 13,$PTON $SNAP $FB $NFLX $AMZN,$NFLX,wallstreetbets
02/05/2022 13,$PTON $SNAP $FB $NFLX $AMZN,$AMZN,wallstreetbets
02/05/2022 13,$PTON $SNAP $FB $NFLX $AMZN,$FB,wallstreetbets
02/05/2022 13,$FB didn‚Äôt drop due to Apple privacy‚Ä¶.,$FB,wallstreetbets
02/05/2022 13,Meta Platforms changing its stock ticker from $FB to $META,$FB,wallstreetbets
02/05/2022 11,"$TSLA, $FB and $AMZN next week?",$FB,wallstreetbets
02/05/2022 11,"$TSLA, $FB and $AMZN next week?",$AMZN,wallstreetbets
02/05/2022 09,F*ck the Zuck. $FB 4000% gain on poots,$FB,wallstreetbets
02/05/2022 06,My Wife's husband shared this with me. I think he wants me to buy $AAPL calls.,$AAPL,wallstreetbets
02/04/2022 22,$AMZN :),$AMZN,wallstreetbets
02/04/2022 20,$FB Calls are a hedge against a bear market they said,$FB,wallstreetbets
02/04/2022 14,Let $AMZN educate you,$AMZN,wallstreetbets
02/04/2022 13,Stock Wars: Can Jeff Bezos and his ragtag team at $AMZN save $SPY?,$AMZN,wallstreetbets
02/04/2022 08,Do you think this is the reason why $FB lost 1/4 of the value?,$FB,wallstreetbets
02/04/2022 00,Can $AMZN reignite the broader market rebound?,$AMZN,wallstreetbets
02/03/2022 20,Permabull Retard YOLOs $AMZN calls,$AMZN,wallstreetbets
02/03/2022 20,Permabull Retard Yolos $AMZN calls,$AMZN,wallstreetbets
02/03/2022 16,Did anybody buy $SNAP or $AMZN calls?,$AMZN,wallstreetbets
02/03/2022 15,"Welp, guess I‚Äôm buying $FB tomorrow.",$FB,wallstreetbets
02/03/2022 14,"$FB crashed, here's what's next",$FB,wallstreetbets
02/03/2022 14,Why $FB will never die no matter how many CNBC articles you read,$FB,wallstreetbets
02/03/2022 14,How I made money on $FB,$FB,wallstreetbets
02/03/2022 13,"$AMZN (i.e., ALEXA) to the MOON!",$AMZN,wallstreetbets
02/03/2022 11,Buy call or put for $FB next week?,$FB,wallstreetbets
02/03/2022 09,"I have no money left, but I think you should long $AMZN and here's why",$AMZN,wallstreetbets
02/03/2022 09,Puts on $BBY / Calls on $AMZN,$AMZN,wallstreetbets
02/03/2022 08,$AMZN TAüåàüêª,$AMZN,wallstreetbets
02/03/2022 08,$FB - contrarian report,$FB,wallstreetbets
02/03/2022 08,$FB Puts go Brrrrrr 26.5 -&gt; 161K,$FB,wallstreetbets
02/03/2022 07,$FB - retard stock,$FB,wallstreetbets
02/03/2022 07,$FB - Retard stock,$FB,wallstreetbets
02/03/2022 06,I smell blood in the water - exploiting potential $FB Related margin calls,$FB,wallstreetbets
02/01/2022 08,Stocks to BUY NOWüî• WTF HAPPENED!üí∏ $TSLA $KOD $AAPL $MA $V $SPY $SN $PEP,$AAPL,wallstreetbets
01/30/2022 15,"Week 4 Earnings Plays Analysis and Historical Post Earnings Moves Compilation - $AMZN, $FB, $SNAP, $AMD, $PYPL, $F, $GM, and More",$FB,wallstreetbets
01/30/2022 15,"Week 4 Earnings Plays Analysis and Historical Post Earnings Moves Compilation - $AMZN, $FB, $SNAP, $AMD, $PYPL, $F, $GM, and More",$AMZN,wallstreetbets
01/29/2022 06,$AAPL,$AAPL,wallstreetbets
01/28/2022 19,"$AAPL I'm long with APPLE, a good company. I like companies that have a future.",$AAPL,wallstreetbets
01/28/2022 19,"$AAPL I'm long with APPLE, a good company. I like companies that have a future.",$AAPL,wallstreetbets
01/28/2022 19,"$AAPL I'm long with APPLE, a good company!",$AAPL,wallstreetbets
01/28/2022 05,$FB Is Badly Undervalued | Meta Platforms DD,$FB,wallstreetbets
01/28/2022 05,$FB Is Way To Undervalued Right Now | Meta Platforms Fundamental Analysis &amp; Price Targets,$FB,wallstreetbets
01/28/2022 02,"$NFLX Puts, price raise",$NFLX,wallstreetbets
01/27/2022 10,Direction of $AAPL for Earnings,$AAPL,wallstreetbets
01/25/2022 13,After $MSFT er I‚Äôm thinking to go hard on $AAPL &amp; $INTC puts. What do you guys think ?,$AAPL,wallstreetbets
01/24/2022 13,"This means loading up on $DOCU, $NFLX, $PTON?",$NFLX,wallstreetbets
01/24/2022 11,265$&gt;2k $NFLX,$NFLX,wallstreetbets
01/23/2022 14,Will $NFLX continue to dip on Monday?,$NFLX,wallstreetbets
01/23/2022 14,$NFLX new intro for stockholders,$NFLX,wallstreetbets
01/23/2022 14,Will $NFLX continue to dip on Monday?!,$NFLX,wallstreetbets
01/23/2022 14,"Week 3 Earnings Plays Analysis and Historical Post Earnings Moves MEGA Compilation - $MSFT, $AAPL, $TSLA, $INTC, $HOOD, $BA, $T, and More",$AAPL,wallstreetbets
01/23/2022 05,Can I get a refund? I thought $AMZN was going to moon,$AMZN,wallstreetbets
01/22/2022 09,I think I belong here. Did a search on $AAPL and this shows up in my feed. They must be able to see how dumb my trades have been.,$AAPL,wallstreetbets
01/21/2022 08,It was a good run boys $AMZN,$AMZN,wallstreetbets
01/21/2022 06,ITS NOT MUCH BUT MY FIRST 20 BAGGER - $NFLX,$NFLX,wallstreetbets
01/21/2022 06,"$NFLX 300 ‚Äî&gt; 8k After months of looking at everyone‚Äôs gains here, it finally happened. Not much, but it‚Äôs a start.",$NFLX,wallstreetbets
01/21/2022 06,$NFLX Straddle Profit Porn ($36k Profit),$NFLX,wallstreetbets
01/21/2022 05,Which one of you retards fat-fingered $NFLX after hours yesterday?,$NFLX,wallstreetbets
01/20/2022 22,$NFLX best Indicator I found so far. Wait till he shouts sell! That‚Äôs the signal to go long. No financial advice,$NFLX,wallstreetbets
01/20/2022 20,"$NFLX YOLO, 6 second before mkt closed.",$NFLX,wallstreetbets
01/20/2022 19,Got this ToS crystal ball glitch for tmrw..hopefully it stays that way $NFLX,$NFLX,wallstreetbets
01/20/2022 17,Me after at 4pm after buying $NFLX calls at 3:59pm today,$NFLX,wallstreetbets
01/20/2022 16,$NFLX - Someone doesn‚Äôt like Algos dumping.,$NFLX,wallstreetbets
01/20/2022 16,I can't wait to see all the $NFLX gains tomorrow. Feel bad for all the call holders.,$NFLX,wallstreetbets
01/20/2022 15,Cramer tweet #meme $NFLX,$NFLX,wallstreetbets
01/20/2022 15,Not bad for 1 day of work $NFLX,$NFLX,wallstreetbets
01/20/2022 14,Not bad for 1 day of work $NFLX,$NFLX,wallstreetbets
01/20/2022 13,$NFLX puts 274 -&gt; 10k+ || The fact I don't know if these are technically 1DTE or 0DTE makes the whole thing so much more retarded... You love to see it.,$NFLX,wallstreetbets
01/20/2022 13,"Beginning of the end of FAANG, RIP $NFLX, $AAPL is NEXT. Just to point out Cramer came up with it.",$AAPL,wallstreetbets
01/20/2022 13,"Beginning of the end of FAANG, RIP $NFLX, $AAPL is NEXT. Just to point out Cramer came up with it.",$NFLX,wallstreetbets
01/20/2022 13,NETFLIX $NFLX NOW STREAMING THE TITANIC -10% AFTER-MARKET,$NFLX,wallstreetbets
01/15/2022 14,15k to 134k in a Day $tsla $Goog Puts,$GOOG,wallstreetbets
01/12/2022 03,$FB What's this taste like?,$FB,wallstreetbets
01/11/2022 20,$AMZN Breakout After Months of Lagging,$AMZN,wallstreetbets
01/11/2022 01,Glad I bought $AAPL yesterday,$AAPL,wallstreetbets
01/07/2022 10,$viac pe of 6 makes same revenue as $nflx ! Buyout candidate as well !,$NFLX,wallstreetbets
01/04/2022 12,$AFRM $AMD $FB $NFLX,$FB,wallstreetbets
01/04/2022 12,$AFRM $AMD $FB $NFLX,$NFLX,wallstreetbets
01/03/2022 15,1k to 1M challenge is off to a huge success. Here are the trades I took today $AAPL 180c 01/7 @ 2.00 &gt; 2.65 (32%) $NVDA 310c 01/7 @ 3.45 &gt; 4.4 (28%) $ABNB 170c 01/7 @ 2.34 &gt; 2.37 SL triggered $AMZN 3450c 01/7 @ 11.15 &gt; 14.95 (34%) $SQ 170c 01/07 @ 0.95 &gt; 1.10 (15%),$AMZN,wallstreetbets
01/03/2022 15,1k to 1M challenge is off to a huge success. Here are the trades I took today $AAPL 180c 01/7 @ 2.00 &gt; 2.65 (32%) $NVDA 310c 01/7 @ 3.45 &gt; 4.4 (28%) $ABNB 170c 01/7 @ 2.34 &gt; 2.37 SL triggered $AMZN 3450c 01/7 @ 11.15 &gt; 14.95 (34%) $SQ 170c 01/07 @ 0.95 &gt; 1.10 (15%),$AAPL,wallstreetbets
01/03/2022 14,$AAPL YOLO,$AAPL,wallstreetbets
01/03/2022 14,$AAPL YOLO,$AAPL,wallstreetbets
01/01/2022 13,$AMZN,$AMZN,wallstreetbets
12/27/2021 09,No brainer $FB metaverse trade,$FB,wallstreetbets
12/26/2021 18,Why I'm Long $FB &amp; Look Past the FUD,$FB,wallstreetbets
12/25/2021 16,$FB is severely undervalued.,$FB,wallstreetbets
12/18/2021 15,$AAPL 200. Easy money,$AAPL,wallstreetbets
12/18/2021 15,$AAPL 200 price target. It‚Äôs more than possible. All we need is a 20% day or week and we hit that mark. JP Morgan and other top analysts are on the 200 PT train. ü§ë,$AAPL,wallstreetbets
12/15/2021 17,"$AAPL is a mailing cow, combined with mighty JPOW... we get that sweet pattern üòÇ",$AAPL,wallstreetbets
12/15/2021 17,$AAPL is a Milking cow... It's the only explanation,$AAPL,wallstreetbets
12/15/2021 15,"$AAPL, milking cow... That's the only explanation",$AAPL,wallstreetbets
12/14/2021 17,2022 investing strategy $aapl,$AAPL,wallstreetbets
12/13/2021 04,$aapl is gonnaa print today,$AAPL,wallstreetbets
12/10/2021 14,when you long $TSLA $FB $AAPL,$FB,wallstreetbets
12/10/2021 14,when you long $TSLA $FB $AAPL,$AAPL,wallstreetbets
12/10/2021 14,21k-&gt;700-&gt;4k thank you $F and $AAPL,$AAPL,wallstreetbets
12/09/2021 07,$AAPL Call Debit Spread‚Ä¶this is what we paper trade for.,$AAPL,wallstreetbets
12/08/2021 15,Forgot I had an ally account with $AAPL in it,$AAPL,wallstreetbets
12/08/2021 12,Over 300% gainz on $AAPL. It was scary holding through last week‚Ä¶,$AAPL,wallstreetbets
12/07/2021 21,$AAPL,$AAPL,wallstreetbets
12/06/2021 14,üéØ180+ by end of year #AppleGANGüçèüî•üòéüí∞ $aapl,$AAPL,wallstreetbets
12/03/2021 07,$AAPL Let's GO!!!! üöÄüöÄüöÄüöÄ,$AAPL,wallstreetbets
12/01/2021 14,"Me, dumping everything yesterday and buying $AAPL",$AAPL,wallstreetbets
12/01/2021 08,$AAPL gains - scaled out a bit early on some 170c yesterday.,$AAPL,wallstreetbets
12/01/2021 07,$AAPL Let's GO!!!! üöÄüöÄüöÄüöÄ,$AAPL,wallstreetbets
11/29/2021 13,Yet Another FISKER/APPLE Connection. $FSR $AAPL,$AAPL,wallstreetbets
11/24/2021 13,$fb calls yolo? 10 of them yay or nah? MondAy opening,$FB,wallstreetbets
11/24/2021 13,$AMZN joining üåàüêª for couple of days let‚Äôs c what they do üòÇüòÇ,$AMZN,wallstreetbets
11/24/2021 12,Got kicked out of my $AMZN calls bc of my stop loss...feeling retarded. Now going in hard on $MSFT. No stop losses in place now. 1 million to 10 million is now the new goal...thanks to you guys and my addiction.,$AMZN,wallstreetbets
11/22/2021 09,"$AMZN puts from Friday, sold",$AMZN,wallstreetbets
11/20/2021 16,Thanks for the cheese $AAPL,$AAPL,wallstreetbets
11/19/2021 15,Another Friday another 0dte. 1050% Gainz on $FB.,$FB,wallstreetbets
11/19/2021 06,50% $AMZN debit spread gains,$AMZN,wallstreetbets
11/16/2021 19,My Movember Yolo game $AAPL,$AAPL,wallstreetbets
11/13/2021 03,$viac makes 6.5 bill a quarter and has a marketcap of 22 bill . Makes no sense also insane naked shorts effecting stock price . Let‚Äôs take out these shorts. Trades at 6x pe and is a possible buyout candidate . They own paramount + and Pluto tv where every quarter they have more growth than $nflx,$NFLX,wallstreetbets
11/12/2021 16,Thanks to you all I‚Äôve taken out an $upst loan to go all in on $FB,$FB,wallstreetbets
11/12/2021 15,Upst loan all in $FB,$FB,wallstreetbets
11/12/2021 15,I took out a loan from upst and put it all in on $FB ! What could go wrong,$FB,wallstreetbets
11/11/2021 19,So why would a company like $GOOG buy a company like $CLOV ???,$GOOG,wallstreetbets
11/08/2021 19,Mr.Cuck yo girl- Puts on $AMZN,$AMZN,wallstreetbets
11/04/2021 21,$AMZN call giving me a nice 400% return üí∞,$AMZN,wallstreetbets
11/04/2021 13,First time with options $AMZN to the moon!! üöÄüöÄüöÄ(Gain),$AMZN,wallstreetbets
11/04/2021 08,$AMZN Jeff‚Äôs bald head still nutting,$AMZN,wallstreetbets
11/03/2021 13,$AMZN Jeff‚Äôs bald head shows me bright path,$AMZN,wallstreetbets
11/02/2021 15,$NFLX gain in 10 minutes,$NFLX,wallstreetbets
11/02/2021 06,$AAPL is under heavy short attack,$AAPL,wallstreetbets
11/02/2021 06,$AAPL is under heavy short attack.,$AAPL,wallstreetbets
10/31/2021 21,$Amzn swing from last week. Would have sold eod Friday but my account was out of day trades. Should I sell at open or yolo and let these rise out a few days?,$AMZN,wallstreetbets
10/30/2021 00,$Goog puts go Brrr‚Ä¶,$GOOG,wallstreetbets
10/29/2021 22,$NFLX allowing the true META to air on the show 'inside job' #APESWETDREAM,$NFLX,wallstreetbets
10/29/2021 20,Entered the options scene for the first time by buying 0DTE 330 $FB calls like a true ape. Idk how I ended up making green though.,$FB,wallstreetbets
10/29/2021 09,155K $FB YOLO. Can't cuck the Zuck!,$FB,wallstreetbets
10/29/2021 05,"Hey Dr. Burry, the time to short $FB is now.",$FB,wallstreetbets
10/29/2021 05,"Hey Dr. Burry, the time to short $FB is now.",$FB,wallstreetbets
10/29/2021 03,What are your thoughts on Meta $FB?,$FB,wallstreetbets
10/28/2021 15,Since $FB changed its name to Meta $MMAT is surging based on its name lol,$FB,wallstreetbets
10/28/2021 15,$AAPL news,$AAPL,wallstreetbets
10/28/2021 13,Oh Damn $AMZN,$AMZN,wallstreetbets
10/28/2021 11,$FB - Easy Money?,$FB,wallstreetbets
10/28/2021 11,$FB - Easy money?,$FB,wallstreetbets
10/27/2021 12,Buying $FB before the conference tomorrow?,$FB,wallstreetbets
10/24/2021 15,"Historical Post Earnings Moves MEGA Compilation AND Analysis (Q3 Week 3) - $AAPL, $FB, $AMD, $MSFT, $SHOP, $AMZN, $GOOG and More",$FB,wallstreetbets
10/24/2021 15,"Historical Post Earnings Moves MEGA Compilation AND Analysis (Q3 Week 3) - $AAPL, $FB, $AMD, $MSFT, $SHOP, $AMZN, $GOOG and More",$AAPL,wallstreetbets
10/24/2021 15,"Historical Post Earnings Moves MEGA Compilation AND Analysis (Q3 Week 3) - $AAPL, $FB, $AMD, $MSFT, $SHOP, $AMZN, $GOOG and More",$AMZN,wallstreetbets
10/24/2021 15,"Historical Post Earnings Moves MEGA Compilation AND Analysis (Q3 Week 3) - $AAPL, $FB, $AMD, $MSFT, $SHOP, $AMZN, $GOOG and More",$GOOG,wallstreetbets
10/22/2021 14,$NFLX ITM Put Debit spread gone horribly wrong‚Ä¶.1DTE :‚Äô(,$NFLX,wallstreetbets
10/22/2021 14,$NFLX ITM Put Debit spread gone horribly wrong‚Ä¶. 1DTE :‚Äô(,$NFLX,wallstreetbets
10/22/2021 14,$NFLX ITM Put Debit Spread gone horribly wrong‚Ä¶.. 1DTE :‚Äô(,$NFLX,wallstreetbets
10/22/2021 14,$NFLX put debit spread gone horribly wrong‚Ä¶. 1DTE ITM :‚Äô(,$NFLX,wallstreetbets
10/22/2021 14,$NFLX put debit spread gone horribly wrong‚Ä¶.1DTE ITM :‚Äô(,$NFLX,wallstreetbets
10/22/2021 13,$NFLX put debit spreads gone wrong‚Ä¶,$NFLX,wallstreetbets
10/20/2021 17,Reed hasting $NFLX with the squid game outfit during the Q3 earnings.,$NFLX,wallstreetbets
10/18/2021 22,Thanks $AMZN,$AMZN,wallstreetbets
10/17/2021 16,"Historical Post Earnings Moves MEGA Compilation (Q3 Week 2) - $TSLA, $NFLX, $SNAP, $INTC, $CLF, $AAL, $VZ, $NUE and More",$NFLX,wallstreetbets
10/17/2021 15,What do you guys think about $NFLX for earnings?,$NFLX,wallstreetbets
10/15/2021 20,Another $AMZN Gain üí∏,$AMZN,wallstreetbets
10/15/2021 18,The elusive 1000% $amzn,$AMZN,wallstreetbets
10/15/2021 16,Paper Handed $Amzn Todayüòî Missed 10 Bagger,$AMZN,wallstreetbets
10/13/2021 15,$NAUT Due Diligence and Upcoming Catalyst + $AMZN Invested,$AMZN,wallstreetbets
10/13/2021 06,"$AMZN - Amazon Stock Price Is Too High, Says This Expert",$AMZN,wallstreetbets
10/12/2021 08,My $AMZN ER play. (Show me yours!),$AMZN,wallstreetbets
10/10/2021 14,$fb lots of puts purchased and shorting since testimony‚Ä¶ bullish calls and now this today changing app for teens‚Ä¶ could be a runner back to aths in end of oct with earnings 25th.. thoughts??,$FB,wallstreetbets
10/06/2021 05,"$VIAC made ""Nickelodeon All-star Brawl"" game, while $NFLX is only planning to make a game... WTF??? Apes, simple answer: $VIAC &gt; $NFLX.",$NFLX,wallstreetbets
10/06/2021 05,"$VIAC made ""Nickelodeon All-star Brawl"" game, while $NFLX is only planning to make a game... WTF??? Apes, simple answer: $VIAC &gt; $NFLX.",$NFLX,wallstreetbets
10/06/2021 05,$AMZN fuckers being lately like:,$AMZN,wallstreetbets
10/05/2021 16,$FB,$FB,wallstreetbets
10/05/2021 01,$FB How do you guys think will react to all of this leaks/problems?,$FB,wallstreetbets
10/04/2021 15,"Could this video being no.1 on the trendings page have anything to do with $FB falling 4.89%, instead of a ""mass tech selloff"" event? hmm.",$FB,wallstreetbets
10/04/2021 15,"Could this video being no.1 on the trendings page have anything to do with $FB falling 4.89%, instead of a ""mass tech selloff"" event? hmm.",$FB,wallstreetbets
10/04/2021 15,"Could this video being no.1 on the trendings page have anything to do with $FB falling 4.89%, instead of a ""mass tech selloff"" event? hmm.",$FB,wallstreetbets
10/04/2021 15,"Could this video being no.1 on the trendings page have anything to do with $FB falling 4.89%, instead of a ""mass tech selloff"" event? hmm.",$FB,wallstreetbets
10/04/2021 14,"Could this video being no.1 on the trendings page have anything to do with $FB falling 4.89%, instead of a ""mass tech selloff"" event? hmm.",$FB,wallstreetbets
10/04/2021 14,"Could this video being no.1 on the trendings page have anything to do with $FB falling 4.89%, instead of a ""mass tech selloff"" event? hmm.",$FB,wallstreetbets
10/04/2021 12,LOL Facebook is down. System outage is the ultimate censorship. Reeeeeeeeeeeeeeeeeeeeee! This could be bearish. $FB,$FB,wallstreetbets
10/04/2021 12,Live look: $FB resolving their server issue,$FB,wallstreetbets
10/04/2021 11,1.5 Billion $FB,$FB,wallstreetbets
10/04/2021 11,Adios MF! $AMZN to shit the bed,$AMZN,wallstreetbets
10/04/2021 09,$VIAC &gt; $NFLX | Prove me wrong. -45k Loss.,$NFLX,wallstreetbets
10/04/2021 09,-$41k loss... But I won't sell $VIAC as $NFLX and $DIS are dumb expensive in comparison,$NFLX,wallstreetbets
10/01/2021 08,"YOLO 200K on margin loan on $Goog Google, as a proud follower of HFEA, this is probably the most unbalanced HFEA, but on why Google is the most undervalued now, even compared to $BABA will be on the next chapter, feel free Google HFEA and see some ads too, thanks for contributing",$GOOG,wallstreetbets
10/01/2021 08,"Good morning fellow, I've just bought 268.5k of $goog it may not be the most retarded move, but I bought it on 4x margin, I'm a Singaporean, I just converted all my sing dollar to USD at worst time possible. Armed with 86k usd, unknowing my broker allow me to borrow 268k of position, so I went ahead",$GOOG,wallstreetbets
10/01/2021 08,$QQQ $AAPL may catch a short covering rally today. After multiple days of selling off we could see a late day rally.,$AAPL,wallstreetbets
09/29/2021 15,Would $GOOG buy $WISH?,$GOOG,wallstreetbets
09/29/2021 12,"$NFLX 10/19 earnings YOLO‚Ä¶ acquired first game studio, acquired Ronald Dahl library, Squid Game (Korean series) trending to be their biggest show of all time, biggest Emmy winner this year, now FCF positive‚Ä¶ get your popcorn ready üì∫üçøüöÄüöÄüöÄ",$NFLX,wallstreetbets
09/28/2021 12,"$AMZN, your cannabis diversification play. #shitDD",$AMZN,wallstreetbets
09/28/2021 05,I‚Äôm scared to check at market open $AAPL,$AAPL,wallstreetbets
09/26/2021 18,$AAPL apples are going to be green ü§üüèª,$AAPL,wallstreetbets
09/25/2021 19,The stock of the future $AMZN,$AMZN,wallstreetbets
09/23/2021 11,"$AAPL 420.69% over 5Y, nice",$AAPL,wallstreetbets
09/21/2021 01,$AAPL ON FIRE PREMARKET. DOW UP 375 POINTS! Bears better call Houston cause they have a problem,$AAPL,wallstreetbets
09/20/2021 18,$AAPL,$AAPL,wallstreetbets
09/19/2021 19,What do you all think of my thoughts on $TSLA and $FB as long term HODLs?,$FB,wallstreetbets
09/18/2021 23,A short DD: $AAPL will tank now. They should NOT have named it ‚Äú13.‚Äù They should have named it ‚Äú14‚Äù or ‚ÄúiPhone XP‚Äù or something like that. And look at this pic. The damn thing looks like a spider with zillion eyes!,$AAPL,wallstreetbets
09/18/2021 23,A short DD: $AAPL will tank now. They should NOT have named it ‚Äú13.‚Äù They should have named it ‚Äú14‚Äù or ‚ÄúiPhone XP‚Äù or something like that. And look at this pic. The damn thing looks like a spider with zillion eyes!,$AAPL,wallstreetbets
09/18/2021 18,$AMZN,$AMZN,wallstreetbets
09/18/2021 18,$AMZN,$AMZN,wallstreetbets
09/17/2021 19,Honest opinion about $FB,$FB,wallstreetbets
09/17/2021 13,Thanks $AMZN,$AMZN,wallstreetbets
09/17/2021 13,Got Owned By $AMZN,$AMZN,wallstreetbets
09/17/2021 13,Thanks $AMZN Never trade expiration day‚Ä¶,$AMZN,wallstreetbets
09/14/2021 13,$aapl buys $joby,$AAPL,wallstreetbets
09/14/2021 13,Crazy Idea OR Not???? $aapl buys $joby and skips the car all together‚Ä¶..cars are so yesterday. Just sayinü§∑üèª‚Äç‚ôÇÔ∏è,$AAPL,wallstreetbets
09/14/2021 11,"$AAPL trying to stop the bleeding, unloading all the news for the month in one day",$AAPL,wallstreetbets
09/13/2021 07,CAN WE GET THAT BIG GREEN $AAPL,$AAPL,wallstreetbets
09/13/2021 06,CAN WE GET THAT BIG GREEN $AAPL,$AAPL,wallstreetbets
09/12/2021 19,Swinging $AAPL calls - good luck tomorrow retards.,$AAPL,wallstreetbets
09/12/2021 08,Having your cake and eating it too: Amazon $AMZN and üëâPalantir $PLTR | Fintech Zoom | Fintech Zoom - World Finance,$AMZN,wallstreetbets
09/10/2021 23,$VUZI my play on $AAPL,$AAPL,wallstreetbets
09/10/2021 15,3 170p on $AAPL made 20% today,$AAPL,wallstreetbets
09/09/2021 20,Lost 5K on $NFLX today. Then bought 5 calls 3 minutes before closing for $AFRM. Talk to me WSB.,$NFLX,wallstreetbets
09/01/2021 15,50k 3:59 $AMZN Options YOLO: Betting everything I have,$AMZN,wallstreetbets
09/01/2021 15,$AMZN 50k Options YOLO: My entire savings account,$AMZN,wallstreetbets
08/31/2021 01,"$AMZN ""bull flag"" of 2019/2020 is looking awfully familiar. There's a gap to fill this week and I think we may see more gains tomorrow.",$AMZN,wallstreetbets
08/31/2021 00,"$AMZN ""bull flag"" of 2019/2020 is looking awfully familiar. There's a gap to fill this week and I think we may see more gains tomorrow.",$AMZN,wallstreetbets
08/30/2021 23,"$AMZN ""BULL FLAG"". Big gap-fill coming today?",$AMZN,wallstreetbets
08/30/2021 06,$GSAT $ASTS $IRDM $AAPL Thoughts on Kuo iPhone 13 LEO Connectivity Rumors,$AAPL,wallstreetbets
08/30/2021 06,$GSAT $ASTS $IRDM $AAPL Thoughts on Kuo iPhone 13 LEO Connectivity Rumors,$AAPL,wallstreetbets
08/29/2021 20,I really have nothing to share other than a box and a circle window thingy ü§ëüöÄüåïü•± sleep well shorts üò¥ $KPLT $AMZN and $AFRM this is not financial advice.,$AMZN,wallstreetbets
08/28/2021 08,$AAPL 210K 9/17 OPEN INTEREST CALL OPTIONS,$AAPL,wallstreetbets
08/25/2021 14,33k loss $AMZN calls,$AMZN,wallstreetbets
08/25/2021 07,Time for a few puts on $AMZN,$AMZN,wallstreetbets
08/24/2021 15,10 Reasons to Buy $AMZN November Calls Ahead of Earnings - A DD From the Chess Guy,$AMZN,wallstreetbets
08/24/2021 10,10 Reasons To Buy $AMZN November Calls Ahead Of Earnings - A DD From The Chess Guy,$AMZN,wallstreetbets
08/21/2021 22,"Boring Boomer stock DD to make up for losses in Memes. A reminder to not lose sight of the bigger picture. $aapl to the moon, on its way to be the first 3 trill market cap.",$AAPL,wallstreetbets
08/20/2021 00,$AAPL GANG ü™ìü¶çü™ìü¶ß,$AAPL,wallstreetbets
08/18/2021 15,$AAPL &amp; $TGT calls : Read ‚Äòem and weep‚Ä¶ or laugh. Loss porn for your enjoyment!,$AAPL,wallstreetbets
08/18/2021 15,$AAPL &amp; $TGT calls : Read ‚Äòem and weep ‚Ä¶or laugh. Loss porn for your enjoyment!,$AAPL,wallstreetbets
08/15/2021 13,$AMZN is up to something with $AFRM - Obsessive DD,$AMZN,wallstreetbets
08/14/2021 21,"$AMZN and $OPEN, a case for bringing the real estate market into the 21st Century (finally)",$AMZN,wallstreetbets
08/13/2021 03,Just wanted to say you‚Äôre welcome to the $aapl holders,$AAPL,wallstreetbets
08/11/2021 02,"$AAPL is primed for a move higher, plus $OCGN update",$AAPL,wallstreetbets
08/10/2021 15,$GOOGL cheaper and better than $GOOG,$GOOG,wallstreetbets
08/08/2021 08,Why $VIAC IS BETTER THAN $NFLX and $DIS | PROVE ME WRONG!,$NFLX,wallstreetbets
08/06/2021 05,$VIAC has great momentum while extremely undervalued vs $NFLX : battle of the streamers,$NFLX,wallstreetbets
08/04/2021 06,Where will $AAPL go? Does this have room to reach to the Moon?,$AAPL,wallstreetbets
08/04/2021 05,Is $AAPL being hammered by Hedge Funds?Always pulls back and in 2021 it is not doing well when compared other big tech companies? Short sellers sending it low? Confused though making profits in every quarterü§î,$AAPL,wallstreetbets
08/04/2021 05,How to take out apple Juice from $AAPL? Squeeze,$AAPL,wallstreetbets
08/03/2021 18,$AMZN YOLO my entire IRA,$AMZN,wallstreetbets
07/31/2021 14,Amazon $AMZN short holders üòÅ,$AMZN,wallstreetbets
07/30/2021 08,"$AMZN $TSLA 40 call YOLO, watch for AMZN rally into close!",$AMZN,wallstreetbets
07/28/2021 23,"Just going to leave this here: $FB ""cash, and cash equivalents"" decreased YOY by 1.3 Billion &amp; their ""Operating lease right-of-use asset"" increased YOY by 1.17 Billion... this is not financial advice.",$FB,wallstreetbets
07/28/2021 14,"$BB patent sale? $FB ""cash, and cash equivalents"" decreased by 1.3 Billion &amp; their ""Operating lease right-of-use asset"" increased by 1.17 Billion",$FB,wallstreetbets
07/28/2021 06,$AMZN &amp; $BABA could be interested in acquiring $WISH,$AMZN,wallstreetbets
07/28/2021 06,Wtf $AAPL,$AAPL,wallstreetbets
07/27/2021 13,$GOOG Earnings Thread,$GOOG,wallstreetbets
07/27/2021 13,$GOOG Earnings Thread,$GOOG,wallstreetbets
07/27/2021 13,$GOOG Earnings Thread,$GOOG,wallstreetbets
07/25/2021 14,"Historical Post Earnings Moves MEGA Compilation and Analysis (Q2 Week 3) - $TSLA, $AAPL, $AMZN, $MSFT, $GOOG, $FB, $AMD, and More",$FB,wallstreetbets
07/25/2021 14,"Historical Post Earnings Moves MEGA Compilation and Analysis (Q2 Week 3) - $TSLA, $AAPL, $AMZN, $MSFT, $GOOG, $FB, $AMD, and More",$AAPL,wallstreetbets
07/25/2021 14,"Historical Post Earnings Moves MEGA Compilation and Analysis (Q2 Week 3) - $TSLA, $AAPL, $AMZN, $MSFT, $GOOG, $FB, $AMD, and More",$AMZN,wallstreetbets
07/25/2021 14,"Historical Post Earnings Moves MEGA Compilation and Analysis (Q2 Week 3) - $TSLA, $AAPL, $AMZN, $MSFT, $GOOG, $FB, $AMD, and More",$GOOG,wallstreetbets
07/25/2021 08,YOLO in $AMD and $AAPL. This is my update for AMD. I‚Äôm up 110% and looking forward the 7/27 earnings call,$AAPL,wallstreetbets
07/22/2021 20,"[DD] Recovery is not priced in. $SQ, $FB, $GOOGL, $V, $PYPL, $TTD, $SBUX, $AMZN, $ROKU",$FB,wallstreetbets
07/22/2021 20,"[DD] Recovery is not priced in. $SQ, $FB, $GOOGL, $V, $PYPL, $TTD, $SBUX, $AMZN, $ROKU",$AMZN,wallstreetbets
07/20/2021 19,$AMZN to the moon?,$AMZN,wallstreetbets
07/19/2021 13,Why I bought $AMZN Calls for the Space Flight Tomorrow...,$AMZN,wallstreetbets
07/19/2021 12,What will happen to $SPCE &amp; $AMZN if the Blue Origin rocket catastrophically fails?,$AMZN,wallstreetbets
07/18/2021 12,"Historical Post Earnings Moves MEGA Compilation and Analysis (Q2 Week 2) - $NFLX, $SNAP, $TWTR, $KO, $T, $CLF, $NUE, and More",$NFLX,wallstreetbets
07/16/2021 20,$SPY next candle is going to be RED üîª with topping tail. ü§£ $AAPL is bearish. $AMD bearish imo,$AAPL,wallstreetbets
07/15/2021 22,Managed to make something in a red day $tsla $nflx,$NFLX,wallstreetbets
07/15/2021 14,YOLO all my retirement accounts plus margin in $GOOGL and $AMZN... So far so good,$AMZN,wallstreetbets
07/15/2021 13,$FB not gonna sleep tonight,$FB,wallstreetbets
07/15/2021 13,Scalping some Puts today on $tsla $nflx for the Win,$NFLX,wallstreetbets
07/15/2021 10,$GME + $NFLX =üöÄ,$NFLX,wallstreetbets
07/15/2021 09,"I guess we know what price the bears don‚Äôt want $AAPL over üëÄüöÄüöÄ. Wen moon. (Originally posted as a Discussion, but I feel it‚Äôs also a DD to some extent).",$AAPL,wallstreetbets
07/15/2021 09,$AAPL Moon? I guess we know what price target the bears really don‚Äôt want $AAPL over now. üòéüëÄ,$AAPL,wallstreetbets
07/14/2021 15,Loss porn $Tsl and $Amzn played wrong side,$AMZN,wallstreetbets
07/13/2021 12,"$NFLX, $DIS, $VIAC, $NFLX, $DISCA. Upcoming Earnings!!",$NFLX,wallstreetbets
07/13/2021 11,"$T, $DIS, $VIAC, $NFLX, $DISCA. Earnings Upcoming!!!",$NFLX,wallstreetbets
07/13/2021 10,So AI sells $FB and $WMT and buys $AMC. Interesting!,$FB,wallstreetbets
07/13/2021 07,üòé $amzn calls printing lately,$AMZN,wallstreetbets
07/08/2021 21,$AAPL üçé is my lifesaver against $WISH buttfucking üßºüíé,$AAPL,wallstreetbets
07/08/2021 14,$AAPL to 150 by 7/9?,$AAPL,wallstreetbets
07/08/2021 13,Been putting all my savings into $AMZN since 1200,$AMZN,wallstreetbets
07/08/2021 12,$AAPL YOLO,$AAPL,wallstreetbets
07/08/2021 11,$AMZN took a small profit from a put this AM.,$AMZN,wallstreetbets
07/08/2021 10,Come to papaaa $AMZN üòÖ,$AMZN,wallstreetbets
07/08/2021 07,Went full retard on $AMZN,$AMZN,wallstreetbets
07/08/2021 05,$AMZN Hoping this print today,$AMZN,wallstreetbets
07/08/2021 05,$AMZN Hoping this print today,$AMZN,wallstreetbets
07/08/2021 05,$AMZN How much can this print if it stays like this at 9:30?,$AMZN,wallstreetbets
07/08/2021 05,$AAPL investors today,$AAPL,wallstreetbets
07/08/2021 05,Rotting $AAPL? Suggestions on the play @ open?,$AAPL,wallstreetbets
07/07/2021 23,"$T is primed for take-off, the discovery I found that ties Steve Jobs widow Laurene Jobs to Sunshine Media Company which $T owns a huge stake in, possibly a deal by $AAPL, and other info from the options chain . BONUS: An appearance from the bae of all bae's: REESE WITHERSPOON",$AAPL,wallstreetbets
07/07/2021 23,"The absolute next EPIC play: $T--all the reasons why this stock is primed for take-off, the discovery I found that ties Steve Jobs widow Laurene Jobs to the company, why you need to hop in, like yesterday, and a possible $AAPL deal. BONUS: An appearance from the bae of all bae's: REESE WITHERSPOON",$AAPL,wallstreetbets
07/07/2021 22,"The absolute next EPIC play: $T--all the reasons why this stock will make you rich AF, the discovery I found that ties Steve Jobs widow Laurene Jobs to the company, why you need to hop in, like yesterday, and a possible $AAPL deal. BONUS: An appearance from the bae of all bae's: REESE WITHERSPOON",$AAPL,wallstreetbets
07/07/2021 18,$AAPL üçè is literally saving my ass from the $WISH buttfucking üíéüíé,$AAPL,wallstreetbets
07/07/2021 18,$AAPL - Singlehandedly saving me from the $WISH buttfucking,$AAPL,wallstreetbets
07/07/2021 09,Missed out $AMZN call by minute and a half,$AMZN,wallstreetbets
07/07/2021 07,"Selling calls against equity has made me $millions. When I used to buy them thinking I could time the market, I lost $millions. I love selling worthless options. $TSLA $SQ $TWTR $AAPL",$AAPL,wallstreetbets
07/06/2021 14,$AMZN Broke a Major Support,$AMZN,wallstreetbets
07/06/2021 09,Nancy Pelosi purchased $AMZN before JEDI deal cancelled!,$AMZN,wallstreetbets
07/06/2021 07,"AI Stocks surging demand: $NVDA $GOOGL %MU $AMZN, what is your opinion on them?",$AMZN,wallstreetbets
07/06/2021 07,Stock Surging demand $AMZN $MU $NVDA $GOOGL,$AMZN,wallstreetbets
07/06/2021 07,"Tech Stocks surging demand: $NVDA $GOOGL %MU $AMZN, what is your opinion on them?",$AMZN,wallstreetbets
07/06/2021 04,$Aapl,$AAPL,wallstreetbets
07/05/2021 16,Gigatard $AMZN Call Strategy - Why Bezos Going Boom Is Okay,$AMZN,wallstreetbets
07/02/2021 07,$AAPL PICKING TIME,$AAPL,wallstreetbets
07/01/2021 16,$FB flies high ‚úàÔ∏èüöÄüí∞,$FB,wallstreetbets
07/01/2021 15,Sold my $AAPL to buy more $CIDM today,$AAPL,wallstreetbets
06/30/2021 07,$AAPL is on üî• All Aboard!,$AAPL,wallstreetbets
06/29/2021 23,Smart Money flowing into $AMZN,$AMZN,wallstreetbets
06/29/2021 10,$dis inverse h&amp;s as $nflx admits biggest competition is $dis,$NFLX,wallstreetbets
06/27/2021 08,This made me super bullish for $AMZN. Also RIP Detroit ‚Ä¶ but AMZN will help you rebuild. Worth the audio.,$AMZN,wallstreetbets
06/27/2021 08,I dont normally publish DD - but this made me super bullish for $AMZN. Also RIP Detroit ‚Ä¶ but AMZN will help you rebuild. Worth the audio.,$AMZN,wallstreetbets
06/25/2021 20,$aapl,$AAPL,wallstreetbets
06/25/2021 07,Do Apes üíö $FB?,$FB,wallstreetbets
06/25/2021 07,"How will anti-trust laws affect the stocks of $AAPL ,$AMZN,$GOOG, and $MSFT",$AAPL,wallstreetbets
06/24/2021 22,"$DBGI announced today of its channel expansion into $AMZN marketplace. Has 10m shares outstanding, 5m float (yahoo finance). Thinking it‚Äôs not done after today.",$AMZN,wallstreetbets
06/23/2021 14,Riding $AMZN and $TSLA like,$AMZN,wallstreetbets
06/23/2021 13,Riding $AMZN and $TSLA,$AMZN,wallstreetbets
06/23/2021 05,Anyone else been holding $AAPL super long term?,$AAPL,wallstreetbets
06/22/2021 19,$PLUG - being one of the partners to help $AMZN get a job done is more than enough. Company looks great big potential ahead !,$AMZN,wallstreetbets
06/21/2021 13,8th Grade Research Project: $AMZN doesn't need $RAD,$AMZN,wallstreetbets
06/20/2021 17,$aapl Is the iPhone overheating issues due to their in house processor?,$AAPL,wallstreetbets
06/19/2021 13,ATTENTION ALL AMC SHAREHOLDERS ...WE MUST SHARE THIS MESSAGE #AMCARMY #ShiberusArmy #SHIB #ShibaArmy #dogearmy #cryptocurrencies #CryptoNews #CLOV $AMC $GME $SOS $SPY $NOK $AAPL $NIO.X $TSLA @nytimes @jimcramer #STONKS #NakedShorts #HowYouLikeThat,$AAPL,wallstreetbets
06/17/2021 11,Who needs meme stock when you can make 1800% return on $AMZN in 3 days!!,$AMZN,wallstreetbets
06/17/2021 08,Jeff Bezos is set to step down from $AMZN on July 5th. Is there any possibility that he might join the board of $WISH as the ultimate FU to Mackenzie? That news alone will send the stock to the moon with him recouping and then some of his financial loss from their divorce?,$AMZN,wallstreetbets
06/14/2021 14,Is Apple Setting up for a Big Move? $AAPL,$AAPL,wallstreetbets
06/14/2021 11,"$AAPL is the play DONT GET LEFT BEHIND. AFTER MONTHS OF BARCODING AND CONSOLIDATING, IT IS FINALLY BIG TECHS TURN FOR SOME FUN! yes my account is new sorry, i just joined reddit. don‚Äôt be a fucking weirdo about it. if you like money, get in. calls are dirt cheap.",$AAPL,wallstreetbets
06/13/2021 10,$WISH is not the same as $AMZN. You can‚Äôt be that retarded,$AMZN,wallstreetbets
06/12/2021 17,If all 11million of us buy this hat the $AMZN will hit infinity dollars üöÄüìàü¶ç,$AMZN,wallstreetbets
06/11/2021 08,$AAPL $VW $QS time to buy those calls on QS boys! Mount up!,$AAPL,wallstreetbets
06/10/2021 09,$FB Gains,$FB,wallstreetbets
06/09/2021 07,$AAPL and $AGTC,$AAPL,wallstreetbets
06/09/2021 06,$AMZN meme stock ?,$AMZN,wallstreetbets
06/09/2021 04,"HOW TF IS THIS SHIT LEGAL?!? Senate passes a tech manufacturing bill to counter China. Numerous senators/ house members purchased semi-conductor stock BEFOREHAND. For example, Nancy Wyden bought $AAPL, $AMAT, $AVGO, $KLAC &amp; $NVDA BEFORE the legislation. https://unusualwhales.com/i_am_the_senate/semi",$AAPL,wallstreetbets
06/08/2021 02,Looks like $NET is behind $AAPL new iCloud+ Relay Service,$AAPL,wallstreetbets
06/07/2021 15,Diamond hands? $FB,$FB,wallstreetbets
06/07/2021 14,"I'm calling it the ""Bezos Gonna Blow Himself Up"" spread $AMZN",$AMZN,wallstreetbets
06/07/2021 10,$BB &amp; $AMZN,$AMZN,wallstreetbets
06/06/2021 18,"Boys, Do you reckon that $AAPL will go up tomorrow thanks to the unveiling of the new products or not ?",$AAPL,wallstreetbets
06/06/2021 10,Any thoughts on the G7 tax reform and its effect on AMAZON $AMZN,$AMZN,wallstreetbets
06/05/2021 04,$NFLX at bottom of channel. Turning up. To the moon.,$NFLX,wallstreetbets
06/04/2021 08,Problem with $BB and $AAPL,$AAPL,wallstreetbets
06/03/2021 07,Apple Stock Is Ripe For A Rally. Here‚Äôs Why. $AAPL to the Moon üåù üöÄ,$AAPL,wallstreetbets
06/03/2021 06,$AAPL is Where the Smart Money Is,$AAPL,wallstreetbets
06/02/2021 18,$AMZN ties with $TLRY?,$AMZN,wallstreetbets
06/02/2021 06,WWDC21 $AAPL TO THE MOON üöÄüöÄüöÄüöÄüöÄüöÄ,$AAPL,wallstreetbets
06/01/2021 15,"$SHOP, $SPOT, &amp; $FB CEO‚Äôs talk collaboration to enable Facebook &amp; Spotify‚Äôs 450,000,000 creators &amp; businesses‚Ä¶",$FB,wallstreetbets
06/01/2021 14,"$SHOP, $SPOT, &amp; $FB CEO‚Äôs collaborate to enable as many of $FB &amp; $SPOT 450,000,000 creators &amp; businesses for their omnichannel experiences‚Ä¶",$FB,wallstreetbets
05/30/2021 15,"$SHOP, $SPOT, &amp; $FB CEO‚Äôs talk massive growth collaboration initiatives‚Ä¶.",$FB,wallstreetbets
05/28/2021 09,Apple is reportedly 'looking into every detail' of the car supply chain $AAPL TO THE MOON,$AAPL,wallstreetbets
05/25/2021 16,$NIO $AMZN $UVXY $RKT Since a bunch of you wanna see the rest of my options play. Yep all loses so far.,$AMZN,wallstreetbets
05/21/2021 08,$FB Retardation continues,$FB,wallstreetbets
05/21/2021 08,$FB $UVXY I‚Äôm retarded again,$FB,wallstreetbets
05/21/2021 06,$NFLX looking to get into Video games. $MSFT gamepass numbers got them salivating. I ü§§ü§§ü§§,$NFLX,wallstreetbets
05/21/2021 06,$FB 3 Min Trade. Position closed.,$FB,wallstreetbets
05/11/2021 19,"$AAPL, $TSLA, $AMZN in the slow cooker",$AAPL,wallstreetbets
05/11/2021 19,"$AAPL, $TSLA, $AMZN in the slow cooker",$AMZN,wallstreetbets
05/07/2021 20,$AAPL in the crockpot on slow for 10 years,$AAPL,wallstreetbets
05/07/2021 20,$AAPL in crockpot for 10 years on low,$AAPL,wallstreetbets
05/07/2021 20,$AAPL in Crockpot for 10 years on low,$AAPL,wallstreetbets
05/07/2021 19,$AAPL Tendies - Slow Cooker on low for 10 years,$AAPL,wallstreetbets
05/07/2021 07,$NFLX you already know ! ‚¨ÜÔ∏è,$NFLX,wallstreetbets
05/02/2021 09,Question - $AMZN candle @ 3pm on 4/30/21,$AMZN,wallstreetbets
04/30/2021 08,I've decided to gave up on $AAPL and $BABA after holding both for a quarter and move on.,$AAPL,wallstreetbets
04/29/2021 19,"$AAPL overperforms ER expectations, so call options naturally...plummet???",$AAPL,wallstreetbets
04/29/2021 16,Going all in $fb @Oliverhamiltonfinancial,$FB,wallstreetbets
04/29/2021 16,Going all in $fb follow me on Instagram @oliverhamiltonfinancial,$FB,wallstreetbets
04/29/2021 06,$AAPL what is everyone's take on it?? Beat earnings! Why is it barely moving?? Takeoff just getting started??,$AAPL,wallstreetbets
04/29/2021 04,I was right about Facebook $FB,$FB,wallstreetbets
04/28/2021 15,I am SO glad I decided not to sell my $FB calls that expire Friday at the bell today!,$FB,wallstreetbets
04/27/2021 14,"Historical Post Earnings Moves MEGA Compilation (Week 2) - $FB, $AMZN, $AAPL, $AMD, $MSFT, $PINS, and More",$FB,wallstreetbets
04/27/2021 14,"Historical Post Earnings Moves MEGA Compilation (Week 2) - $FB, $AMZN, $AAPL, $AMD, $MSFT, $PINS, and More",$AMZN,wallstreetbets
04/27/2021 14,"Historical Post Earnings Moves MEGA Compilation (Week 2) - $FB, $AMZN, $AAPL, $AMD, $MSFT, $PINS, and More",$AAPL,wallstreetbets
04/27/2021 10,"Historical Post Earnings Moves MEGA Compilation (Week 2) - $FB, $AMZN, $AAPL, $AMD, $MSFT, $PINS, and More",$FB,wallstreetbets
04/27/2021 10,"Historical Post Earnings Moves MEGA Compilation (Week 2) - $FB, $AMZN, $AAPL, $AMD, $MSFT, $PINS, and More",$AMZN,wallstreetbets
04/27/2021 10,"Historical Post Earnings Moves MEGA Compilation (Week 2) - $FB, $AMZN, $AAPL, $AMD, $MSFT, $PINS, and More",$AAPL,wallstreetbets
04/26/2021 19,$AMZN Stock Split,$AMZN,wallstreetbets
04/26/2021 09,"Earnings discussion for the week of 4/26. $TSLA, $AMD, $VISA, $APPL, $FB, $SHOP, $AMZN, etc. What are your plays?",$FB,wallstreetbets
04/26/2021 09,"Earnings discussion for the week of 4/26. $TSLA, $AMD, $VISA, $APPL, $FB, $SHOP, $AMZN, etc. What are your plays?",$AMZN,wallstreetbets
04/24/2021 13,"$AAPL Bear Thesis in a Nutshell: Two Confluent Short Setups: 1) Bearish Gartley Harmonic on Hourly Chart 2) Bearish Deep Crab Harmonic on 4-Hr Chart // Ultra-Short Term Obstacle: May See Strength Monday Morning Due to Bullish Bat Harmonic on 3-Min Chart, Which Can Be Used to Add or Enter Short",$AAPL,wallstreetbets
04/24/2021 13,"$AAPL Bear Thesis in a Nutshell: Two Confluent Short Setups: 1) Bearish Gartley Harmonic on Hourly Chart 2) Bearish Deep Crab Harmonic on 4-Hr Chart // Ultra-Short Term Obstacle: May See Strength Monday Morning Due to Bullish Bat Harmonic on 3-Min Chart, Which Can Be Used to Add or Enter Short",$AAPL,wallstreetbets
04/18/2021 22,Position Update - 19Apr2021 - $PLTR | $AAPL | $STPK | $ZTO,$AAPL,wallstreetbets
04/17/2021 17,$AAPL liking this one for a run next week. Technical setup and WWDC coming.,$AAPL,wallstreetbets
04/15/2021 15,What's up with $TSLA or is it $GOOG,$GOOG,wallstreetbets
04/06/2021 14,Is this why $GOOG jumped up yesterday? DD,$GOOG,wallstreetbets
04/06/2021 12,Doesn't the Stop Asian Hate look like Stop $AAPL Hate?,$AAPL,wallstreetbets
04/05/2021 09,$FB Should i let it ride or take it?,$FB,wallstreetbets
04/03/2021 08,Who‚Äôs holding $AAPL for Monday‚Äôs comeback?,$AAPL,wallstreetbets
04/03/2021 07,How To Use Unusual Options Flow for Trading $NFLX Stock (Netflix Stock) Real Example,$NFLX,wallstreetbets
04/01/2021 08,Thank you for supporting and encouraging my addiction $AAPL,$AAPL,wallstreetbets
04/01/2021 08,Thank you for supporting and encouraging my addiction $AAPL,$AAPL,wallstreetbets
04/01/2021 08,Thank you for supporting and encouraging my addiction $AAPL,$AAPL,wallstreetbets
04/01/2021 08,Thank you for supporting my addiction $AAPL,$AAPL,wallstreetbets
03/29/2021 08,BREAKING: Cathie Wood‚Äôs ARKX Space ETF leaks DD for $NFLX,$NFLX,wallstreetbets
03/28/2021 00,$AAPL and China. Is this the beginning of the End?,$AAPL,wallstreetbets
03/27/2021 14,When you live beside the BlackBerry office $BB and should support local but can‚Äôt find it in your heart to go against $AAPL,$AAPL,wallstreetbets
03/16/2021 18,$PLTR. $AMZN. ‚ÄúWall Street Short-termism‚Äù History repeats itself,$AMZN,wallstreetbets
03/12/2021 10,$AAPL to the moon: My first time doing options,$AAPL,wallstreetbets
03/11/2021 07,Why Apple's Stock Sell-Off Is A Golden Buying Opportunity $AAPL,$AAPL,wallstreetbets
03/09/2021 18,Gandhi with pods go $AAPL,$AAPL,wallstreetbets
03/09/2021 11,Why you need to take a serious look at $AAPL before the March 23rd rumored event.,$AAPL,wallstreetbets
03/04/2021 04,Shorted $TSLA $AMZN for years.. now long on weeklies ü§∑‚Äç‚ôÇÔ∏è,$AMZN,wallstreetbets
03/03/2021 21,Long $TSLA $AMZN after shorting them for years... weeklies.,$AMZN,wallstreetbets
03/03/2021 18,Went years shorting $amzn $tsla.. decided to go long with weeklies.,$AMZN,wallstreetbets
03/03/2021 11,Am I the only one buying $GME and $AAPL and $CRSR today,$AAPL,wallstreetbets
03/02/2021 22,I'm losing +60% of my portfolio due to $TSLA and $AAPL bull credit spreads. Do I have any hope?,$AAPL,wallstreetbets
03/02/2021 11,$FB,$FB,wallstreetbets
02/26/2021 06,My nutz are quacking from $AAPL I‚Äôm going in on $GME,$AAPL,wallstreetbets
02/25/2021 13,My LIFE could‚Äôve CHANGED 9 times this year. Everything is on this last last play and I just a need a miracle. $AAPL ‚òπÔ∏è,$AAPL,wallstreetbets
02/25/2021 11,Yolo $GME $TSLA $INO $AAPL $CGC $BYND to the Moon!,$AAPL,wallstreetbets
02/25/2021 11,"Hey guys Melvin Capital here, i heard Amazon has been shorted relentlessly!!! Let's all sell our Gamestop shares and squeeze Amazon, gang. $AMZN to the MOON üöÄüöÄüöÄ",$AMZN,wallstreetbets
02/24/2021 16,$XPEV $NFLX $QS get them to FLY up hard,$NFLX,wallstreetbets
02/24/2021 16,$CCIV and $AAPL Partnership Thoughts?,$AAPL,wallstreetbets
02/23/2021 14,$AAPL,$AAPL,wallstreetbets
02/23/2021 06,"Good Morning, I am heavy down in $AAPL Call, should I sell or hold. Now I am in Panic Mode. Seeing red everyday sucks. Waiting to hear suggestions.",$AAPL,wallstreetbets
02/22/2021 20,Wouldn‚Äôt it be cool if $AMZN bought and saved the Amazon forest from destruction as a PR move?,$AMZN,wallstreetbets
02/22/2021 20,"Here for my wholesome award, $amzn on the way down, pick a ticker for the shit show in the middle and $spy spreads for the epic recovery and crash at the end.",$AMZN,wallstreetbets
02/22/2021 19,$AAPL,$AAPL,wallstreetbets
02/19/2021 04,$AAPL,$AAPL,wallstreetbets
02/18/2021 22,$AMZN Quick Day Trade (Good Swings to Trade),$AMZN,wallstreetbets
02/18/2021 06,$AAPL STARTING 6G VENTURE,$AAPL,wallstreetbets
02/18/2021 06,Rumors about $AMZN acquiring $AMC?,$AMZN,wallstreetbets
02/18/2021 06,Nowadays everybody wanna talk like they got something to say but nothing comes out when they move their lips Just a bunch of gibberish And motherfuckers act like they forgot about $AAPL,$AAPL,wallstreetbets
02/16/2021 02,"Hello WSB, allow me to introduce myself. I am going to make a STAKE on $GOOG",$GOOG,wallstreetbets
02/15/2021 20,"M1 chip is fukt, $AAPL Puts?",$AAPL,wallstreetbets
02/14/2021 22,"After the news of ApplePay including B..T..C is $AAPL a buy this week, or should I wait, for long term hold?",$AAPL,wallstreetbets
02/13/2021 18,FUCK $AAPL BUY $NOK,$AAPL,wallstreetbets
02/13/2021 14,$FB just sharing ticker. squeeze imminent on fb chart looks awesome,$FB,wallstreetbets
02/13/2021 11,$DENT x $AAPL,$AAPL,wallstreetbets
02/12/2021 18,$FB trying to compete with AAPL... lol,$FB,wallstreetbets
02/11/2021 07,Rumor has it that $AMZN is considering an acquisition of $SHOP,$AMZN,wallstreetbets
02/10/2021 11,"$NFLX, $FUBO, $SPOT to be featured in first all time streaming ETF (SUBZ) which launches today.",$NFLX,wallstreetbets
02/08/2021 21,"$TSLA, $YOLO, $AMZN",$AMZN,wallstreetbets
02/08/2021 21,"I got tendies. ITM put credit spread in $TSLA, Iron Condor in $AMZN, $YOLO put credit spread.. Got this strategy where I take in premium with 60%+win rate. Its been working out, and I can sleep at night. Been doing this for 2 years now while taking shots downfield occasionally.",$AMZN,wallstreetbets
02/07/2021 15,Possible $BB vs $FB Settlement on 10k form?,$FB,wallstreetbets
02/07/2021 15,Possible $BB vs $FB Settlement Disclosure on 10k form,$FB,wallstreetbets
02/07/2021 15,Possible $BB vs $FB Settlement Disclosure on SEC Filing,$FB,wallstreetbets
01/31/2021 01,With markets adapting. To WSB activities the use of emoji reading algorithms this post shal be made to track tickers and emojis. A new thread with rocketing non short tendies. As follows ticker - emoji rocket i.e. $AAPL üöÄüöÄüöÄüöÄüöÄüöÄüöÄüöÄüöÄüöÄüöÄ,$AAPL,wallstreetbets
01/28/2021 16,Hypothetically Could retail use the same tactics that hedge fund are using currency to bring down $AMZN?,$AMZN,wallstreetbets
01/26/2021 02,I‚Äôm one step closer to being my own boss thanks to $AAPL and everyone here at WSB.,$AAPL,wallstreetbets
01/26/2021 01,$AAPL Earnings play,$AAPL,wallstreetbets
01/25/2021 20,I‚Äôm one step closer to being my own boss thanks to $AAPL and everyone here at WSB.,$AAPL,wallstreetbets
01/25/2021 18,$GME $AAPL $TSLA $BB POSITION IN COMMENTS,$AAPL,wallstreetbets
01/25/2021 18,$GME $TSLA $AAPL $BB Positions in comments,$AAPL,wallstreetbets
01/25/2021 14,$NOK &gt; $AAPL ??? üöÄüöÄüöÄüöÄ,$AAPL,wallstreetbets
01/24/2021 19,$AMZN Theory,$AMZN,wallstreetbets
01/24/2021 11,Why $AAPL will Destroy Earnings on 01/27 - Apple-focused YouTuber's Perspective,$AAPL,wallstreetbets
01/23/2021 17,"With $AAPL earnings coming Wednesday, the Yolowolf would like to make an announcement.",$AAPL,wallstreetbets
01/23/2021 07,Sell or hold through earnings? $AAPL,$AAPL,wallstreetbets
01/23/2021 07,Sell before or after earnings? $AAPL,$AAPL,wallstreetbets
01/23/2021 03,Why $AAPL will Destroy Earnings on 12/27 - Apple-focused YouTuber's Perspective,$AAPL,wallstreetbets
01/23/2021 03,Why $AAPL will Destroy Earnings on 12/27 - Apple-focused YouTuber's Perspective,$AAPL,wallstreetbets
01/22/2021 22,Should I hold $aapl through earnings? Or will IV crush eat my profits?,$AAPL,wallstreetbets
01/22/2021 19,"$GME, $AMZN, and $PLNTR are paying for my drug trials. I continue to pull cash to fund an account for that, I'm close to my target. Thank you.",$AMZN,wallstreetbets
01/22/2021 14,$AAPL Earnings coming next week!,$AAPL,wallstreetbets
01/22/2021 13,Ready for next week‚Äôs $AAPL ER to bring me some trendies,$AAPL,wallstreetbets
01/22/2021 00,$AMZN open COVID vaccine clinic,$AMZN,wallstreetbets
01/21/2021 12,$AMZN 10x1 stock split? Autist focus group:,$AMZN,wallstreetbets
01/21/2021 12,What it would take for Jeff Bezos to stop being a little bitch and announce a juicy 10x1 $AMZN stock split,$AMZN,wallstreetbets
01/21/2021 10,My $NFLX calls yesterday,$NFLX,wallstreetbets
01/21/2021 07,Where's my $AMZN gang at? To the moon!,$AMZN,wallstreetbets
01/21/2021 02,Longing $AMZN for its extremely robust business model!!!,$AMZN,wallstreetbets
01/20/2021 13,$NFLX $DIS $ROKU Streaming Services Comparison - Jan 20th,$NFLX,wallstreetbets
01/20/2021 12,$AMZN Feb 19 3140c Earnings play,$AMZN,wallstreetbets
01/20/2021 12,Q4 Earnings are going to make this look silly. $AMZN,$AMZN,wallstreetbets
01/20/2021 10,"$FB main- sawyerboobys alerted this and told everyone to load up before the run, then Mods banned me. They want to see you loose, follow sawyer for more alerts",$FB,wallstreetbets
01/20/2021 08,Did you guys take that $FB call I alerted? I‚Äôll take my payment in women,$FB,wallstreetbets
01/20/2021 07,$AMZN and $BB üöÄüöÄ Join Forces to Accelerate Innovation with New Intelligent Vehicle Data Platform (and take $BB to the moon),$AMZN,wallstreetbets
01/20/2021 06,"$ROKU, $BABA, NOW $FB",$FB,wallstreetbets
01/20/2021 06,More $AMC $AMZN $NETFLIX rumours,$AMZN,wallstreetbets
01/20/2021 05,$aapl,$AAPL,wallstreetbets
01/19/2021 20,$AMZN Earnings?,$AMZN,wallstreetbets
01/19/2021 16,$AAPL earnings play (DD inside),$AAPL,wallstreetbets
01/19/2021 14,*explain why you‚Äôre bullish on $FB without saying anything*,$FB,wallstreetbets
01/19/2021 09,Who owes me some women from my $FB alert last week? Congrats if you started a long position retards,$FB,wallstreetbets
01/19/2021 09,"$FB I alerted to buy the lows of Friday last week (the handle) for a long position, who‚Äôs going to be paying me my share of women ?",$FB,wallstreetbets
01/19/2021 09,"$FB Who started a long position when I alerted last Friday? I‚Äôll like to be paid in women, thank you ( yesterday‚Äôs low meant Friday‚Äôs)",$FB,wallstreetbets
01/18/2021 06,$AAPL Record Sales in Q4 All in AAPL üöÄüç¥üî•,$AAPL,wallstreetbets
01/16/2021 14,What are you doing step charger? $AAPLüöÄüöÄüöÄ,$AAPL,wallstreetbets
01/15/2021 07,$BB &amp; $FB Settlement reached,$FB,wallstreetbets
01/15/2021 07,"$BB is like that guy who keeps getting knocked down, but keeps fighting. Taking it to $FB, I fucking love this.",$FB,wallstreetbets
01/15/2021 07,"$BB is like that guy who keeps getting knocked down, but keeps fighting. Taking it to $FB, I fucking love this.",$FB,wallstreetbets
01/15/2021 02,Another Safe bet $FB,$FB,wallstreetbets
01/14/2021 11,$AMZN down every Thursday...this is why,$AMZN,wallstreetbets
01/14/2021 08,How Fucked Am I? $AMZN,$AMZN,wallstreetbets
01/13/2021 13,$AAPL Holding these calls till exp like a boss(bitch) wish me luck bois,$AAPL,wallstreetbets
01/13/2021 13,$AAPL holding these til exp. like a boss wish me luck,$AAPL,wallstreetbets
01/12/2021 10,"$FB - ""Ready Player One""",$FB,wallstreetbets
01/11/2021 21,Please announce a stock split during the upcoming earnings call Papa Jeff! $AMZN,$AMZN,wallstreetbets
01/11/2021 13,$AAPL about to print,$AAPL,wallstreetbets
01/10/2021 08,$AMZN: DD on Earnings EPS and Estimates,$AMZN,wallstreetbets
01/09/2021 17,"Balls deep in $AAPL, how fucked is this",$AAPL,wallstreetbets
01/09/2021 16,"Load me up, technical analysis is saying we mooning off da MC Rib. MCD pop, easy play, free money, girls, sex, nice cars. Technical pop, same thing setting up for $AMZN, $SHOP, maybe even $BABA. I‚Äôm rambling on Bc dd has to be long like my schlong",$AMZN,wallstreetbets
01/09/2021 16,"Load em up, technical analysis is saying we mooning off da MC Rib. MCD pop, easy play, free money, girls, sex, nice cars. Technical pop, same thing setting up for $AMZN, $SHOP, maybe even $BABA. I‚Äôm rambling on Bc dd has to be long like my schlong",$AMZN,wallstreetbets
01/08/2021 16,"Trump and followers banned, short $TWTR and $FB Monday am",$FB,wallstreetbets
01/08/2021 04,$AAPL üöÄüöÄüöÄ,$AAPL,wallstreetbets
01/07/2021 20,everyone posting day gains today. so i will too. $TSLA $AAPL little BTC and $SPY. jumping into $TAN $PLUG and $NIO long term as well.,$AAPL,wallstreetbets
01/07/2021 13,$EMAN Micro-OLED provider for possibly $AAPL soon,$AAPL,wallstreetbets
01/06/2021 08,$AAPL Right now,$AAPL,wallstreetbets
01/04/2021 22,Short $GOOG: DD inside,$GOOG,wallstreetbets
01/04/2021 14,Every four $AAPL I see two $GME bullish DD,$AAPL,wallstreetbets
01/02/2021 16,$AAPL good long term investment or not,$AAPL,wallstreetbets
01/01/2021 11,2020 üìà Returns: Tesla $TSLA: +743% Peloton $PTON: +434% Moderna $MRNA: +434% Zoom $ZM: +396% Bitcoin: +304% $AAPL: +82% $AMZN: +76% Nasdaq 100 $QQQ: +49% $MSFT: +43% $GOOGL: +31% Gold: +24% Small Caps $IWM: +20% S&amp;P $SPY: +18% LT Treasuries $TLT: +18% Bonds $AGG: +7% Oil: -21%,$AMZN,wallstreetbets
01/01/2021 11,2020 üìà Returns: Tesla $TSLA: +743% Peloton $PTON: +434% Moderna $MRNA: +434% Zoom $ZM: +396% Bitcoin: +304% $AAPL: +82% $AMZN: +76% Nasdaq 100 $QQQ: +49% $MSFT: +43% $GOOGL: +31% Gold: +24% Small Caps $IWM: +20% S&amp;P $SPY: +18% LT Treasuries $TLT: +18% Bonds $AGG: +7% Oil: -21%,$AAPL,wallstreetbets
12/06/2021 15,Should META (Facebook) Aquire ROBINHOOD ?! Moonshot Acquisition $FB $HOOD,$FB,RobinHood
08/25/2021 07,10 Reasons to Buy $AMZN November Calls Ahead of Earnings - Easy to Read DD With Proof of Positions,$AMZN,RobinHood
05/25/2021 21,$AAPL Futes holding up nice.....‚úàÔ∏è‚úàÔ∏è‚úàÔ∏è,$AAPL,RobinHood
05/07/2021 09,Heard $NFLX is going to buy a theater?????,$NFLX,RobinHood
04/09/2021 10,$NFLX Gains for the day on my one option,$NFLX,RobinHood
04/30/2022 01,On $FB and the Metaverse,$FB,stocks
04/27/2022 11,$FB (Meta) down 5% ahead of earnings - anyone buying?,$FB,stocks
04/26/2022 14,The next victim is probably gonna be $AAPL??,$AAPL,stocks
04/26/2022 13,$GOOG is sunking... Thoughts?,$GOOG,stocks
04/24/2022 09,"Top Stocks Im Watching This Week! ‚§µÔ∏è $DIS, $AMZN, $NASDAQ,$BTC.X,$MOMO, $OPEN‚§µÔ∏è, ‚§¥Ô∏è$NATGAS,$KMI‚§¥Ô∏è",$AMZN,stocks
04/19/2022 13,$NFLX misses earnings again; shares dump about 20% in the after-hours session,$NFLX,stocks
03/31/2022 04,$NFLX- Netflix focus and execution!,$NFLX,stocks
03/27/2022 06,Does the $GOOG stock split need further approvals?,$GOOG,stocks
02/08/2022 18,$FB officially worth less than $NVDA,$FB,stocks
02/05/2022 04,How much to invest in $FB Meta Platforms,$FB,stocks
02/03/2022 09,Faebook $FB Downside Post ER,$FB,stocks
02/02/2022 15,$AMZN the next blue chip stock split?,$AMZN,stocks
01/28/2022 05,Why You Should Consider $FB (Meta Platforms) After The Recent Drop,$FB,stocks
01/25/2022 09,Can someone explain how $SHOP has a P/E of 31.81 and $AMZN has a P/E of 54.40. When $SHOP is growing revenue faster than $AMZN?,$AMZN,stocks
01/25/2022 09,Can someone explain how $SHOP has a P/E of 31.81 and $AMZN has a P/E of 54.40. When $SHOP is growing revenue faster than $AMZN?,$AMZN,stocks
01/21/2022 13,What could these massive $AMZN transactions right at the closing bell mean?,$AMZN,stocks
01/20/2022 21,Disney Stock $DIS $NFLX,$NFLX,stocks
01/20/2022 17,The case for $AMZN,$AMZN,stocks
01/02/2022 10,$WMT vs $AMZN,$AMZN,stocks
12/23/2021 06,$PPSI had an order of half their m cap for EV charge sites on Tue It is highly speculated that $AMZN is the client that placed the order,$AMZN,stocks
12/17/2021 18,$AMZN thoughts - options ideas,$AMZN,stocks
11/26/2021 10,What accounts for the huge price difference between $VIAC and $NFLX?,$NFLX,stocks
11/25/2021 05,Ex-Apple Director of Education joins London listed EdTech company Dev Clever in HUGE coup for the Small Cap Company $AAPL #DEV,$AAPL,stocks
11/24/2021 17,Dear $AAPL bring back the Touch Bar and make the laptops thinner. You guys messed this one up. ü§¶üèª‚Äç‚ôÇÔ∏è,$AAPL,stocks
11/23/2021 03,The once Apple Director of Education joins London listed EdTech company Dev Clever in HUGE coup $AAPL #DEV,$AAPL,stocks
11/12/2021 01,$AAPL $AMC $TSLA $SNDL,$AAPL,stocks
11/02/2021 10,"Considering selling my 3 shares of $AMZN for $MSFT. I want to know you guys thoughts on these two companies, 10-15 year time span",$AMZN,stocks
11/01/2021 05,$BABA or $FB (Meta) for Long Term?,$FB,stocks
10/31/2021 10,Is $AAPL able to grow much more?,$AAPL,stocks
10/27/2021 08,$AAPL Earnings and The Following Drop In Stock Price?,$AAPL,stocks
10/25/2021 09,Do you think $FB is priced in for the earnings call today?,$FB,stocks
10/21/2021 09,$FB changing their name to better reflect their role in architecting the Metaverse... what about $RBLX?,$FB,stocks
10/19/2021 20,$CELH $NFLX Trade Ideas,$NFLX,stocks
10/09/2021 16,"$AMZN (Twitch) could be competing with Steam (Valve) on a digital game distribution platform that is aptly codenamed ""Vapor"" [as per leak].",$AMZN,stocks
10/09/2021 06,Telegram reportedly saw 70 million individuals join their platform during the Great Facebook Outage of 2021. $FB #socialmedia,$FB,stocks
10/03/2021 17,$FB for Monday with 60 mins expose?,$FB,stocks
10/01/2021 10,What‚Äôs the deal with $AMZN,$AMZN,stocks
10/01/2021 10,$AMZN - Amazon is Building The Greatest Moat Through Its Logistics Network,$AMZN,stocks
09/10/2021 22,Is now a good time to buy $AAPL? (Apple Inc.),$AAPL,stocks
09/05/2021 09,$AMZN - now or in 60 days?,$AMZN,stocks
08/31/2021 17,What happened to $AAPL and the NASDAQ at 3:50pm today?,$AAPL,stocks
08/28/2021 08,$AAPL 210K 9/17 OPEN INTEREST CALL OPTIONS,$AAPL,stocks
08/25/2021 06,10 Reasons to Buy $AMZN November Calls Ahead of Earnings (With Proof Of Positions),$AMZN,stocks
08/24/2021 16,10 Reasons to Buy November $AMZN Calls Ahead of Earnings - A YOLO DD From the Chess Guy (With Proof),$AMZN,stocks
08/20/2021 01,Thoughts on $AMZN,$AMZN,stocks
08/10/2021 15,$GOOGL is better then $GOOG,$GOOG,stocks
08/10/2021 15,$GOOGL is better then $GOOG,$GOOG,stocks
08/05/2021 08,"If you hold $AAPL, $TSLA, $NVDA, $MSFT, $AMZN and $GOOG, is there any point in buying S&amp;P500?",$AAPL,stocks
08/05/2021 08,"If you hold $AAPL, $TSLA, $NVDA, $MSFT, $AMZN and $GOOG, is there any point in buying S&amp;P500?",$AMZN,stocks
08/05/2021 08,"If you hold $AAPL, $TSLA, $NVDA, $MSFT, $AMZN and $GOOG, is there any point in buying S&amp;P500?",$GOOG,stocks
07/29/2021 10,Thoughts on $FB for the future?,$FB,stocks
07/22/2021 07,"Everyone hates $NFLX, thanks for the tip, buying calls!",$NFLX,stocks
07/22/2021 07,"Everyone hates $NFLX, thanks for the tip, buying calls!",$NFLX,stocks
07/19/2021 09,$VUZI acquired by $AAPL?,$AAPL,stocks
07/06/2021 15,"23 million dollars are sitting on $AMZN 4000 calls for August 20, 2021. Do you think we reach there?",$AMZN,stocks
07/06/2021 09,Nancy Pelosi bought $AMZN before JEDI contract cancel by Pentagon and $NVDA before split,$AMZN,stocks
07/01/2021 07,Do you think $SHOP or $AMZN is the better 5-year buy?,$AMZN,stocks
06/20/2021 18,Why I Am Bullish on $AAPL,$AAPL,stocks
06/17/2021 23,$VOO and $AAPL allocation,$AAPL,stocks
06/17/2021 08,$AMZN Selling Highs and Buying Lows,$AMZN,stocks
06/15/2021 08,Top buys in fintwit $UPST $CELH $RBLX $SENS $AAPL,$AAPL,stocks
06/10/2021 16,$FB - Facebook Idea. general by @utradeatesting,$FB,stocks
05/24/2021 10,Apple $AAPL vs Epic games,$AAPL,stocks
05/18/2021 11,$AAPL pattern today,$AAPL,stocks
04/28/2021 13,$AAPL crushes earnings,$AAPL,stocks
04/28/2021 13,$AAPL crushes earnings,$AAPL,stocks
04/28/2021 13,$AAPL absolutely CRUSHED earnings,$AAPL,stocks
04/26/2021 11,$AMZN Amazon stock split?,$AMZN,stocks
04/22/2021 18,Thoughts on my $AMZ and $AAPL positions?,$AAPL,stocks
04/21/2021 18,Mark Zuckerberg Selling $FB Shares,$FB,stocks
04/15/2021 09,$COIN IPO situation is quite similar to $AMZN &amp; $TSLA IPOs,$AMZN,stocks
04/05/2021 18,$AMZN in the past 10 years moves up on avg 22.29% EVERY YEAR between March 29 &amp; July 20,$AMZN,stocks
03/31/2021 04,$NFLX- Netflix focus and execution,$NFLX,stocks
03/12/2021 09,"Apple is a 'best idea' pick that can rally up to 86% as tech stocks rebound, Wedbush says $AAPL",$AAPL,stocks
03/11/2021 07,Why Apple's Stock Sell-Off Is A Golden Buying Opportunity $AAPL,$AAPL,stocks
03/11/2021 07,Why Apple Car Is Likely To Follow iPhone's Playbook On Production $AAPL,$AAPL,stocks
03/11/2021 05,$AAPL holders trapped in the high 120s,$AAPL,stocks
03/11/2021 02,$AAPL after hours market,$AAPL,stocks
03/09/2021 08,Apple TV+ Partners With Women's Rights Activist Malala Yousafzai $AAPL,$AAPL,stocks
03/09/2021 08,"Apple iPhone Will Feature 'Unibody' Design In 2022, 'Periscope Lens' In 2023: Analyst $AAPL",$AAPL,stocks
03/08/2021 16,Who else thinks $AAPL is oversold,$AAPL,stocks
03/08/2021 11,"Apple Will Lead in AR, Analyst Says. Watch for Its Helmet, Glasses, and Contact Lenses. $AAPL",$AAPL,stocks
02/24/2021 16,$CCIV and $AAPL Partnership Thoughts?,$AAPL,stocks
02/19/2021 22,$AAPL Won the Share Buyback Debate,$AAPL,stocks
02/19/2021 12,$AMZN - Look Out Below!,$AMZN,stocks
02/16/2021 02,Apple allows bitcoin payments in Apple pay wallet ( $AAPL ),$AAPL,stocks
02/15/2021 14,$AAPL Searching for Autonomous Vehicle Partner + $AAPL Picked Up By Huge Hedge Fund,$AAPL,stocks
01/29/2021 10,This is a FANTASTIC option to buy more $aapl!,$AAPL,stocks
01/28/2021 13,Name me fundamentally cheaper tech stock than Facebook!! $FB,$FB,stocks
01/25/2021 07,Is selling $AMZN and buying $AAPL a good idea?,$AMZN,stocks
01/25/2021 07,Is selling $AMZN and buying $AAPL a good idea?,$AAPL,stocks
01/20/2021 23,Would you sell all your $UBER shares and put them into $AAPL?,$AAPL,stocks
01/20/2021 12,It's time to short some Facebook $FB,$FB,stocks
01/20/2021 12,TikTok finally beat $FB in monthly time spent on the platform per user,$FB,stocks
01/19/2021 21,$NFLX killed it!!!,$NFLX,stocks
01/12/2021 20,$AAPL Tim Cook to make major announcement tomorrow,$AAPL,stocks
04/30/2022 12,On $FB and the Metaverse potential,$FB,investing
02/18/2022 13,Why does $SNAP or $GOOG have any value?,$GOOG,investing
02/18/2022 12,Why does $GOOG (Class C of Alphabet) or any non-voting stock have any value?,$GOOG,investing
02/09/2022 11,"Long Term Investing - Blue Chips ($aapl, $msft, $goog) vs Index's ""$VOO""",$GOOG,investing
02/05/2022 13,Meta Platforms changing its stock ticker from $FB to $META,$FB,investing
12/12/2021 18,"Quick stupid question if i have open long on $AAPL with 5xlevarage and it rised 3.7% so about 65$ i will get 65 or 315 if i close now, becouse 65$ is 3.7% of my deposit without levarage",$AAPL,investing
08/28/2021 08,$AAPL 210K 9/17 OPEN INTEREST CALL OPTIONS,$AAPL,investing
08/08/2021 21,"$FB is an unbelievable FCF machine, why is it so undervalued?",$FB,investing
08/02/2021 11,"Investing in VR, $QCOM or $FB",$FB,investing
07/16/2021 09,"Since 2005 $DPZ (Dominos Pizza) has returned 1,990% compared to 2,104% for $GOOG (Google). This just blew me away, anyone know of any other under the radar companies with amazing returns?",$GOOG,investing
06/17/2021 23,$VOO and $Aapl allocation,$AAPL,investing
05/05/2021 16,Stock Market Tumble Gives Us Opportunity!(Buy/Sell?)2021 $TSLA $ZIM $FDX several more I walk through $BNTX $MRNA trades. How I called the short entries. How we used chart pattern recognition to determine the exit $MRNA &amp; $NFLX short,$NFLX,investing
04/19/2021 04,"Clean Energy $CLNE, Amazon $AMZN announce renewable natural gas supply deal",$AMZN,investing
04/15/2021 09,$COIN IPO situation is quite similar to $AMZN &amp; $TSLA IPOs,$AMZN,investing
03/12/2021 09,"Apple is a 'best idea' pick that can rally up to 86% as tech stocks rebound, Wedbush says $AAPL",$AAPL,investing
03/11/2021 07,Why Apple's Stock Sell-Off Is A Golden Buying Opportunity $AAPL,$AAPL,investing
03/09/2021 08,Apple TV+ Partners With Women's Rights Activist Malala Yousafzai $AAPL,$AAPL,investing
03/09/2021 08,"Apple iPhone Will Feature 'Unibody' Design In 2022, 'Periscope Lens' In 2023: Analyst $AAPL",$AAPL,investing
02/25/2021 13,Mizuho Bank on the steps $FB is taking to lower the impact of Apple's IDFA/app-tracking changes,$FB,investing
02/24/2021 16,$CCIV and $AAPL Partnership Thoughts?,$AAPL,investing
02/22/2021 06,$AAPL is THE Buy Right Now,$AAPL,investing
02/08/2021 07,Excellent Time to Get in on $AAPL,$AAPL,investing
01/28/2021 05,$FB 300 will be bought ?,$FB,investing
01/26/2021 02,$AAPL earnings play,$AAPL,investing
01/14/2021 09,$CRM &amp; $FB Value Buy?,$FB,investing
01/14/2021 07,"What do you think of $FB as an investment right now vs longterm? Do you love it, do you hate it, what would you rate it.",$FB,investing
01/07/2021 11,Why do NASDAQ-100 ETFs hold more $TSLA than $FB?,$FB,investing
01/04/2021 07,$AMZN Red Again,$AMZN,investing
05/07/2022 12,Is Amazon Management Really This Bad? Im an Employee mad about my stock but curious on this guys $AMZN take,$AMZN,StockMarket
05/06/2022 20,I‚Äôm loading up on $NFLX,$NFLX,StockMarket
04/29/2022 12,$FB Revenue Growth and Valuation Visualized,$FB,StockMarket
04/29/2022 12,"Jim Cramer recommended to sell Amazon $AMZN and Apple, Inc. $AAPL stock",$AMZN,StockMarket
04/29/2022 12,"Jim Cramer recommended to sell Amazon $AMZN and Apple, Inc. $AAPL stock",$AAPL,StockMarket
04/28/2022 16,$FB Gap fill downside before recovering upwards?,$FB,StockMarket
04/28/2022 13,$AMZN EARNINGS -,$AMZN,StockMarket
04/26/2022 16,what do you guys think is gonna happen with $AAPL earnings ?,$AAPL,StockMarket
04/26/2022 13,"Stock Picks from Top Hedge Fund Managers &amp; Top Wall Street Analysts! Top Tickers include: $V $MA $GOOG and $AMZN $GM, $LYFT, $COTY, $NFLX",$NFLX,StockMarket
04/26/2022 13,"Stock Picks from Top Hedge Fund Managers &amp; Top Wall Street Analysts! Top Tickers include: $V $MA $GOOG and $AMZN $GM, $LYFT, $COTY, $NFLX",$GOOG,StockMarket
04/26/2022 13,"Stock Picks from Top Hedge Fund Managers &amp; Top Wall Street Analysts! Top Tickers include: $V $MA $GOOG and $AMZN $GM, $LYFT, $COTY, $NFLX",$AMZN,StockMarket
04/19/2022 07,$NFLX Earnings Preview: Netflix has a 55% Chance of Beating Earnings,$NFLX,StockMarket
03/01/2022 11,"Nancy Pelosi exercised her call options in American Express $AXP, Apple $AAPL, PayPal $PYPL and Disney $DIS",$AAPL,StockMarket
03/01/2022 11,"Nancy Pelosi exercised her call options in American Express $AXP, Apple $AAPL, PayPal $PYPL and Disney $DIS",$AAPL,StockMarket
02/24/2022 09,Kind of Funny Headline priority from CNBC for this crazy markets day. Would you buy $FB META at current valuation?,$FB,StockMarket
02/16/2022 14,"$SHOP stock analysis. Good financial numbers on earning, but It lowered it‚Äôs first half 2022 revenue guidance. Overall e-commerce correction. $WISH $JMIA $POSH $SE $EBAY $AMZN $JD $BABA $OZON $CPNG",$AMZN,StockMarket
02/11/2022 10,"Here's how $FB, $TWTR, $SNAP and $PINS did in their most recent quarter.",$FB,StockMarket
02/08/2022 02,"$PTON Cycling Away - Peloton CEO John Foley to Step Down, Become Exec Chair re WSJ 'The New York company will also cut roughly 2,800 jobs, affecting 20% of its corp positions, to help cope with the drop-off in demand and widening losses.' 11% Short Interest. Other than $AMZN, Who else can aquire?",$AMZN,StockMarket
02/05/2022 13,Meta Platforms changing its stock ticker from $FB to $META,$FB,StockMarket
02/03/2022 07,$NFLX hit the funny number,$NFLX,StockMarket
02/03/2022 06,$FB Tyranny always has the same resume | Utradea,$FB,StockMarket
02/02/2022 14,"#afterhours #watchlist 02/02 $FB - earnings, $SNAP - facebook earnings, $SPOT -earnings, $SYRS - FDA Orphan Drug Designation for Tamibarotene for the Treatment of MDS, $PINS -no news, $TTD - no news ... Also check premarket runners and low float stocks in my app!",$FB,StockMarket
01/28/2022 05,$FB (Meta Platforms) Fundamental Analysis &amp; Price Targets,$FB,StockMarket
01/20/2022 17,Reminisce of a Scared To Shoot $NFLX Trader. The 2019 Big One Day Trade,$NFLX,StockMarket
01/11/2022 06,$AAPL - Apple News,$AAPL,StockMarket
11/25/2021 18,Other companies building a Metaverse. $RBLX $NKE $NVDA $MSFT $AMZN $GOOG,$GOOG,StockMarket
11/25/2021 18,Other companies building a Metaverse. $RBLX $NKE $NVDA $MSFT $AMZN $GOOG,$AMZN,StockMarket
11/08/2021 15,Went through FB's recent strong financials and put them into visual charts of Facebook / Meta: $FB,$FB,StockMarket
10/28/2021 15,"Dec 1st --&gt; Facebook Corporate Changes Name to ""Meta"" --&gt; $FB will start trading as $MVRS --&gt; Tell me that won't cause some market grief.",$FB,StockMarket
10/25/2021 17,$FB Q3 2021 Earnings Review - Facebook Stock Review,$FB,StockMarket
10/25/2021 12,"Who‚Äôs riding $FB? Bought in today, here are my positions. Thoughts on earnings call?",$FB,StockMarket
10/22/2021 15,$FB into Earnings this Monday. A Bullish perspective,$FB,StockMarket
10/12/2021 08,Just Sold $FB ~ Looking for a replacement $PINS vs. $SNAP vs $TWTR,$FB,StockMarket
10/12/2021 07,$FB. The stock is still falling,$FB,StockMarket
10/12/2021 07,$FB. Share prices continue to tumble,$FB,StockMarket
10/06/2021 13,"It was a fight between bull and bear today, what a day, was again able to come out clean and green, $AMZN and $Google puts, will be posting my win daily....step by step here I go!",$AMZN,StockMarket
10/05/2021 01,Thoughts on $FB?,$FB,StockMarket
10/04/2021 14,"Could this video being no.1 on the trendings page have anything to do with $FB falling 4.89%, instead of a ""mass tech selloff"" event? hmm.",$FB,StockMarket
10/02/2021 05,"Since 2005 $DPZ (Dominos Pizza) has returned 2,652%, the same as $GOOG (Google), which just blew me away. Anyone know of any other under the radar companies with amazing returns?",$GOOG,StockMarket
10/01/2021 08,$QQQ $AAPL may catch a short covering rally today. After multiple days of selling off we could see a late day rally.,$AAPL,StockMarket
09/14/2021 07,"$LVS, $MGM, $AAPL, $WYNN Morning news",$AAPL,StockMarket
09/08/2021 08,$AMZN Insiders,$AMZN,StockMarket
08/30/2021 10,Couldn't figure out why Musk was talking shit about $AAPL,$AAPL,StockMarket
08/25/2021 07,10 Reasons to Buy $AMZN November Calls Ahead of Earnings (With Proof of Positions),$AMZN,StockMarket
08/22/2021 09,$SPY $QQQ $XLK $AMZN $MSFT $AAPL our market in a nutshell... This is what you get when only a few stonks control the entire market. How can you have a correction when the weighting is super skewed...,$AAPL,StockMarket
08/22/2021 09,$SPY $QQQ $XLK $AMZN $MSFT $AAPL our market in a nutshell... This is what you get when only a few stonks control the entire market. How can you have a correction when the weighting is super skewed...,$AMZN,StockMarket
08/19/2021 12,What would happen if $PRTY tied the knot with $GME or $AMZN. The retail space would make quite a party.,$AMZN,StockMarket
08/13/2021 00,Why is $AAPL stockholder's equity been going down since 2018.,$AAPL,StockMarket
08/12/2021 16,Long Afternoon Watchlist $AAPL $ABBV $ACN $AMT $BDX $BHP $CCI $SWKS,$AAPL,StockMarket
08/10/2021 09,$NFLX: To sell or not to sell...that is the question,$NFLX,StockMarket
08/10/2021 06,AAPL new iPhone 13 expected Sept 2020- time to buy $AAPL,$AAPL,StockMarket
08/01/2021 05,Going Short on $FB on Possible Trend Change,$FB,StockMarket
07/30/2021 17,Buying Amazon $AMZN after Earnings using Tradingview Alerts and Options,$AMZN,StockMarket
07/16/2021 09,"Since 2005 $DPZ (Dominos Pizza) has returned 2,633% the same as $GOOG (Google). This just blew me away, anyone know of any other under the radar companies with amazing returns?",$GOOG,StockMarket
07/16/2021 09,"Since 2005 $DPZ (Dominos Pizza) has returned 1,990% compared to 2,104% for $GOOG (Google). This just blew me away, anyone know of any other under the radar companies with amazing returns?",$GOOG,StockMarket
07/02/2021 07,$AAPL PICKING TIME,$AAPL,StockMarket
06/25/2021 11,"$BA, $WISH, $BB, $NKE, $AMZN Algorithmically curated trade ideas for top tickers with options sweep activity courtesy the of real-time dashboard and alerts .",$AMZN,StockMarket
06/23/2021 14,Riding $AMZN and $TSLA today like,$AMZN,StockMarket
06/20/2021 18,Why I Am Bullish on $AAPL,$AAPL,StockMarket
04/27/2021 19,python scan TTM Squeeze $TSLA $AMZN $AAPL $NIO,$AMZN,StockMarket
04/27/2021 19,python scan TTM Squeeze $TSLA $AMZN $AAPL $NIO,$AAPL,StockMarket
04/24/2021 13,"$AAPL Bear Thesis in a Nutshell: Two Confluent Short Setups: 1) Bearish Gartley Harmonic on Hourly Chart 2) Bearish Deep Crab Harmonic on 4-Hr Chart // Ultra-Short Term Obstacle: May See Strength Monday Morning Due to Bullish Bat Harmonic on 3-Min Chart, Which Can Be Used to Add or Enter Short",$AAPL,StockMarket
04/21/2021 23,Is anyone else buying PUTS or am I an idiot? Seems like a massive pull back for $FB and google next week...,$FB,StockMarket
04/20/2021 10,"(Our Farewell Post) $RKT: has entered and begun filling in liquidity gap (from last earnings rocket launch upwards); volume osc. flashing buy signals; we've done our best to provide quality work, but due to negative feedback, we will no longer post on Reddit /Tags: $SPX $SPY $QQQ $VIX $AAPL $PLTR \",$AAPL,StockMarket
04/19/2021 10,"As our followers know, we were long $AAPL for over two weeks, selling to profit nicely on our position last week. Now we are starting to see some possible bearish signs, such as the Bearish Deep Crab (see chart). No position yet. _____ //Relevant Tags: $SPX $SPY $ES $NDX $QQQ $NQ $DJI $VIX//",$AAPL,StockMarket
04/15/2021 11,$AAPL has gotten close enough to our target for us to take profit on our long position; we have closed out 85% of our Apple position and allowing the remaining 15% ride as a hedge against our $SPY-short position. ______________________________________ Relevant Tags: $NYSE $SPX $SPY $NDX $QQQ $VIX,$AAPL,StockMarket
04/05/2021 18,$AMZN bullish seasonality arrives around Easter!,$AMZN,StockMarket
03/29/2021 18,$aapl,$AAPL,StockMarket
03/16/2021 10,$FB - ascending triangle breakout? Buy long? Buy percocets?,$FB,StockMarket
03/16/2021 07,Oh I'm riding the $AAPL express train .,$AAPL,StockMarket
03/16/2021 07,All Aboard the $AAPL Train ... Still Plenty of Room to Go Up!,$AAPL,StockMarket
03/12/2021 14,Potential 50% downside risk for $NFLX???,$NFLX,StockMarket
03/12/2021 09,"Apple is a 'best idea' pick that can rally up to 86% as tech stocks rebound, Wedbush says $AAPL",$AAPL,StockMarket
03/11/2021 11,"It‚Äôs called we buy a little $AAPL. It seems to have bottomed out, and I‚Äôm feeling bullish",$AAPL,StockMarket
03/11/2021 07,Why Apple's Stock Sell-Off Is A Golden Buying Opportunity $AAPL,$AAPL,StockMarket
03/10/2021 14,$AAPL - Why aren't you buying the dip? (DD),$AAPL,StockMarket
03/09/2021 08,Apple TV+ Partners With Women's Rights Activist Malala Yousafzai $AAPL,$AAPL,StockMarket
03/09/2021 08,"Apple iPhone Will Feature 'Unibody' Design In 2022, 'Periscope Lens' In 2023: Analyst $AAPL",$AAPL,StockMarket
03/09/2021 04,Unusual Options Activity #UOA in Communications Service Sector. $TMUS $AMC $DIS $PINS $SE $T $NFLX $VIAC $CMCSA $BIDU,$NFLX,StockMarket
03/08/2021 11,"Apple Will Lead in AR, Analyst Says. Watch for Its Helmet, Glasses, and Contact Lenses. $AAPL",$AAPL,StockMarket
03/04/2021 11,Could be worse i guess but this trend is a crime scene in my portfolio. Someone stop this madness!!! $tsla $aapl $clov $trxc $sens $uwmc ‚Äî‚Äî what are you guys thoughts on the market!?,$AAPL,StockMarket
02/26/2021 13,Hourly TSI Indicating That $AAPL Is At Historically Oversold Levels (I.E. At Levels of March 2020 Correction). Rally Or Retrace May Be Imminent In Near-Term.,$AAPL,StockMarket
02/13/2021 14,$AMZN and $AFRM have a close customer relations deals going on that no one is really talking about or noticing..,$AMZN,StockMarket
02/11/2021 06,Keep an Eye on $AAPL,$AAPL,StockMarket
02/02/2021 15,$AMZN Amazing interview of Jeff Bezos before becoming famous üôèüëå,$AMZN,StockMarket
02/01/2021 16,Does this mean $AAPL is going up?,$AAPL,StockMarket
01/28/2021 13,Name me a fundamentally cheaper stock than Facebook $FB,$FB,StockMarket
01/12/2021 20,$AAPL Tim Cook is making a big announcement tomorrow,$AAPL,StockMarket
01/05/2021 06,$NFLX Question,$NFLX,StockMarket
